-- phpMyAdmin SQL Dump
-- version 4.8.3
-- https://www.phpmyadmin.net/
--
-- Host: localhost:3306
-- Tempo de geração: 08/02/2019 às 21:42
-- Versão do servidor: 5.6.41
-- Versão do PHP: 7.2.7

SET SQL_MODE = "NO_AUTO_VALUE_ON_ZERO";
SET AUTOCOMMIT = 0;
START TRANSACTION;
SET time_zone = "+00:00";


/*!40101 SET @OLD_CHARACTER_SET_CLIENT=@@CHARACTER_SET_CLIENT */;
/*!40101 SET @OLD_CHARACTER_SET_RESULTS=@@CHARACTER_SET_RESULTS */;
/*!40101 SET @OLD_COLLATION_CONNECTION=@@COLLATION_CONNECTION */;
/*!40101 SET NAMES utf8mb4 */;

--
-- Banco de dados: `lexresta_gerenciador`
--
CREATE DATABASE IF NOT EXISTS `lexresta_gerenciador` DEFAULT CHARACTER SET utf8 COLLATE utf8_unicode_ci;
USE `lexresta_gerenciador`;

-- --------------------------------------------------------

--
-- Estrutura para tabela `carrinho`
--

CREATE TABLE `carrinho` (
  `id` int(11) NOT NULL,
  `refeicao` text COLLATE utf8_unicode_ci NOT NULL,
  `alacarte` varchar(3) COLLATE utf8_unicode_ci NOT NULL,
  `token` varchar(256) COLLATE utf8_unicode_ci NOT NULL,
  `preco` float NOT NULL,
  `data` datetime NOT NULL,
  `qtd` int(11) NOT NULL,
  `usuario` int(11) NOT NULL,
  `tipo` varchar(10) COLLATE utf8_unicode_ci NOT NULL,
  `troco` varchar(11) COLLATE utf8_unicode_ci NOT NULL,
  `status` int(11) NOT NULL
) ENGINE=MyISAM DEFAULT CHARSET=utf8 COLLATE=utf8_unicode_ci;

--
-- Fazendo dump de dados para tabela `carrinho`
--

INSERT INTO `carrinho` (`id`, `refeicao`, `alacarte`, `token`, `preco`, `data`, `qtd`, `usuario`, `tipo`, `troco`, `status`) VALUES
(27, '15,193,241,465,726,594', '0', '61861345325', 11.99, '2018-01-15 09:14:47', 1, 11, 'dinheiro', '50,00', 2),
(26, '15,193,241,38,1097,594,955', '0', '61861345325', 11.99, '2018-01-15 09:14:47', 1, 11, 'dinheiro', '50,00', 2),
(23, '15,33,382,426,511,576,924', '0', '33173074438', 11.99, '2018-01-12 10:42:35', 1, 13, 'cartao', '', 2),
(21, '1095,33,241,426,1096,576', '0', '92382255285', 11.99, '2018-01-12 09:46:21', 1, 11, 'cartao', '', 2),
(22, '1095,17,426,576,841', '0', '33173074438', 11.99, '2018-01-12 10:42:35', 1, 13, 'cartao', '', 2),
(8, '15,17,467,467,539,710,710', '0', '38412465431', 12, '2018-01-10 12:18:40', 1, 10, 'cartao', '', 2),
(9, '15,185,415,500,1094,1094', '0', '38412465431', 12, '2018-01-10 12:18:40', 1, 10, 'cartao', '', 2),
(10, '317,467,467,727,727', '0', '38412465431', 12, '2018-01-10 12:18:40', 1, 10, 'cartao', '', 2),
(16, '15,268,38,38,487,677,951', '0', '77622124490', 11.99, '2018-01-11 10:59:26', 1, 11, 'cartao', '', 2),
(17, '169,17,268,726,569', '0', '77622124490', 11.99, '2018-01-11 10:59:26', 1, 11, 'cartao', '', 2),
(18, '169,17,354,547,782,782', '0', '94722134313', 11.99, '2018-01-11 11:51:01', 1, 12, 'cartao', '', 2),
(19, '169,354,38,487,726,726', '0', '13212807037', 11.99, '2018-01-11 12:11:33', 1, 10, 'dinheiro', '', 2),
(20, '1095,33,241,426,485,576', '0', '92382255285', 11.99, '2018-01-12 09:46:21', 1, 11, 'cartao', '', 2),
(28, '161,17,235,453,500,576,1098', '0', '72956869449', 11.99, '2018-01-16 09:14:39', 1, 11, 'dinheiro', '', 2),
(29, '15,17,303,453,776,576', '0', '72956869449', 11.99, '2018-01-16 09:14:39', 1, 11, 'dinheiro', '', 2),
(30, '128,241,1100,569,708', '0', '81718914763', 11.99, '2018-01-17 09:34:10', 1, 11, 'dinheiro', '', 2),
(31, '15,1101,241,452,86,951,569', '0', '81718914763', 11.99, '2018-01-17 09:34:10', 1, 11, 'dinheiro', '', 2),
(32, '15,17,317,453,510,574,949', '0', '81123548174', 11.99, '2018-01-19 09:35:33', 1, 11, 'dinheiro', '', 2),
(33, '1095,185,467,574,685', '0', '81123548174', 11.99, '2018-01-19 09:35:33', 1, 11, 'dinheiro', '', 2),
(34, '169,17,500,726,606', '0', '67059639233', 11.99, '2018-01-23 11:06:19', 1, 15, 'dinheiro', 'R$ 8,00', 2),
(35, '128,23,510,1096,599', '0', '10046734078', 11.99, '2018-01-24 09:15:25', 1, 15, 'dinheiro', '', 2),
(36, '15,188,235,456,485,665,911', '0', '69476972698', 11.99, '2018-01-25 09:29:26', 1, 11, 'dinheiro', '', 2),
(37, '1095,188,288,547,665,726', '0', '69476972698', 11.99, '2018-01-25 09:29:26', 1, 11, 'dinheiro', '', 2),
(38, '175,17,386,782', '0', '80688328677', 11.99, '2018-01-26 09:32:27', 1, 16, 'dinheiro', '38,00', 2),
(39, '139,211,299,23,511,1107,641', '0', '68096218227', 11.99, '2018-01-27 11:11:18', 1, 17, 'dinheiro', '3,00', 2),
(40, '15,17,353,377,511,561,710', '0', '6987239304', 11.99, '2018-01-29 11:29:58', 1, 13, 'dinheiro', '76,00', 2),
(41, '15,17,233,451,511,710,561', '0', '6987239304', 11.99, '2018-01-29 11:29:58', 1, 13, 'dinheiro', '76,00', 2),
(42, '15,17,540,932,776', '0', '15497014068', 11.99, '2018-01-30 11:34:32', 1, 19, 'dinheiro', '', 2),
(43, '161,17,1108,453,1097,841,939', '0', '15497014068', 11.99, '2018-01-30 11:34:32', 1, 19, 'dinheiro', '', 2),
(44, '15,17,241,389,389,511,735,782', '0', '93442212803', 23.98, '2018-01-31 10:39:57', 2, 20, 'dinheiro', 'R$24,00', 2),
(45, '15,17,389,511,735,726', '0', '7746060358', 9.99, '2018-01-31 12:06:50', 1, 21, 'dinheiro', '10 reais ', 2),
(46, '17,268,52,487,569,951', '0', '5965008169', 9.99, '2018-02-01 08:39:30', 1, 22, 'dinheiro', '20,00', 2),
(47, '165,17,268,52,460,487,782,677', '0', '5965008169', 9.99, '2018-02-01 08:39:30', 1, 22, 'dinheiro', '20,00', 2),
(48, '165,52,460,677,951', '0', '5965008169', 9.99, '2018-02-01 08:39:30', 1, 22, 'dinheiro', '20,00', 2),
(49, '62', '1', '33690648384', 18.99, '2018-02-01 12:10:40', 1, 23, 'dinheiro', '', 2),
(50, '15,33,511,1096,841', '0', '67213136935', 9.99, '2018-02-02 10:55:14', 1, 15, 'dinheiro', '10', 2),
(51, '15,17,414,414,511,1096,1096', '0', '1702922178', 9.99, '2018-02-02 12:36:51', 1, 21, 'dinheiro', 'Sem troco', 2),
(52, '15,33,229,414,382,511,576,1109', '0', '22725633703', 9.99, '2018-02-02 12:58:10', 1, 24, 'dinheiro', '50', 2),
(53, '161,17,274,23,23,1110,710,841', '0', '96602563494', 11.99, '2018-02-03 10:13:58', 1, 25, 'dinheiro', '1,00', 2),
(54, '15,17,317,412,412,536,946,710', '0', '96602563494', 11.99, '2018-02-03 10:13:58', 1, 25, 'dinheiro', '1,00', 2),
(55, '15,17,23,547,726,726', '0', '41753320046', 11.99, '2018-02-03 11:37:45', 1, 26, 'dinheiro', '20,00', 2),
(56, '161,17,317,23,23,536,576,576', '0', '28465379592', 11.99, '2018-02-03 11:56:18', 1, 27, 'dinheiro', 'o dinheiro ', 2),
(57, '15,211,281,453,114,726,1070', '0', '12108737122', 11.99, '2018-02-05 10:07:20', 1, 17, 'dinheiro', '', 2),
(58, '15,211,281,453,453,547,580,580', '0', '75796849170', 11.99, '2018-02-05 11:45:22', 1, 27, 'dinheiro', '', 2),
(59, '15,211,281,415,726,580', '0', '75991347332', 11.99, '2018-02-05 13:37:52', 1, 29, 'dinheiro', 'R$3,00', 2),
(60, '128,17,235,23,23,86,665,665', '0', '42904323214', 11.99, '2018-02-06 09:31:33', 1, 25, 'dinheiro', '', 2),
(61, '128,181,235,452,452,486,665,1039', '0', '47840867246', 11.99, '2018-02-06 11:43:50', 1, 30, 'dinheiro', '25,00', 2),
(62, '15,181,235,23,452,86,601,665', '0', '47840867246', 11.99, '2018-02-06 11:43:50', 1, 30, 'dinheiro', '25,00', 2),
(63, '15,17,235,86,665,835', '0', '48782059180', 11.99, '2018-02-06 13:47:01', 1, 31, 'dinheiro', '20,00', 2),
(64, '15,17,319,382,377,539,1096,954', '0', '64417583464', 11.99, '2018-02-07 09:03:42', 1, 32, 'dinheiro', '8,00', 2),
(65, '319,38,500,1032,1096', '0', '71766332918', 11.99, '2018-02-07 09:38:06', 1, 33, 'dinheiro', '', 2),
(66, '15,200,319,38,382,500,726,1032', '0', '10036993798', 11.99, '2018-02-07 10:10:35', 1, 34, 'dinheiro', '00', 2),
(67, '15,17,319,377,500,1096,954', '0', '50836550065', 11.99, '2018-02-07 11:23:27', 1, 35, 'dinheiro', '50,00', 2),
(68, '69,200,241,539,706,1096', '0', '86132494548', 11.99, '2018-02-07 13:00:39', 1, 31, 'dinheiro', '100,00', 2),
(69, '152,185,240,86,835,869', '0', '5395409900', 11.99, '2018-02-08 12:35:27', 1, 31, 'dinheiro', '20,00', 2),
(70, '1095,211,281,467,510,672,792', '0', '57752885370', 11.99, '2018-02-09 10:40:14', 1, 17, 'dinheiro', 'R$ 8,00', 2),
(71, '1095,17,354,354,510,672,1096', '0', '74820598880', 11.99, '2018-02-09 11:25:00', 1, 36, 'dinheiro', '15,00', 2),
(72, '1095,17,241,467,453,510,1096,594', '0', '90960407362', 11.99, '2018-02-09 12:15:59', 1, 37, 'dinheiro', 'R$ 20,00', 2),
(73, '15,211,241,1113,467,510,776,672,672', '0', '72676016336', 15.49, '2018-02-09 12:19:05', 1, 37, 'dinheiro', 'R$ 50,00', 2),
(74, '36', '1', '28320437679', 25.99, '2018-02-10 11:30:10', 1, 38, 'dinheiro', '', 2),
(75, '14', '1', '40794018400', 21.99, '2018-02-10 11:56:41', 1, 21, 'dinheiro', '78,00', 2),
(76, '161,215,1119,1122,1113,131,1124,1008', '0', '11547738832', 11.99, '2018-02-13 11:08:42', 1, 25, 'dinheiro', '', 2),
(77, '15,17,1120,1113,1121,131,1124,1124', '0', '11547738832', 11.99, '2018-02-13 11:08:42', 1, 25, 'dinheiro', '', 2),
(78, '15,17,1119,1121,1113,131,776,1123', '0', '60516339546', 11.99, '2018-02-13 11:38:31', 1, 41, 'dinheiro', '2', 3),
(79, '15,17,1119,1121,1113,131,776,1124', '0', '60516339546', 11.99, '2018-02-13 11:38:31', 1, 41, 'dinheiro', '2', 3),
(80, '15,17,1119,1122,1121,486,1123,1124', '0', '60516339546', 11.99, '2018-02-13 11:38:31', 1, 41, 'dinheiro', '2', 3),
(81, '15,17,1120,1113,1121,486,1008,1123', '0', '60516339546', 11.99, '2018-02-13 11:38:31', 1, 41, 'dinheiro', '2', 3),
(82, '15,17,1121,131,1123,1123', '0', '86110561283', 11.99, '2018-02-13 11:39:12', 1, 40, 'dinheiro', '38,00', 3),
(83, '161,17,1119,1121,1121,486,776,776', '0', '5279570130', 11.99, '2018-02-13 11:41:01', 1, 21, 'dinheiro', '88,00', 3),
(84, '15,17,1120,131,1039,1124', '0', '66750896594', 11.99, '2018-02-13 11:41:18', 1, 42, 'dinheiro', '50,00', 3),
(85, '161,215,1120,1122,1121,486,776,1123', '0', '599126628', 11.99, '2018-02-13 12:07:07', 1, 43, 'dinheiro', '20,00', 3),
(86, '15,58,240,1128,452,530,1131,782', '0', '33122469809', 11.99, '2018-02-14 10:54:50', 1, 41, 'dinheiro', '', 2),
(87, '15,58,452,1128,1130,782,569', '0', '70914307709', 11.99, '2018-02-14 11:43:40', 1, 40, 'dinheiro', 'R$ 3,00', 2),
(88, '128,17,23,115,1135,1138', '0', '60236282053', 11.99, '2018-02-15 11:15:26', 1, 13, 'dinheiro', '26', 2),
(89, '15,17,235,23,1133,115,1135,1137', '0', '60236282053', 11.99, '2018-02-15 11:15:26', 1, 13, 'dinheiro', '26', 2),
(90, '15,17,1142,510,685,685', '0', '92127635869', 11.99, '2018-02-16 09:59:08', 1, 45, 'dinheiro', 'R$ 8,00', 3),
(91, '37', '1', '65920273197', 12.99, '2018-02-16 11:58:11', 1, 36, 'dinheiro', '', 2),
(92, '15,17,241,1142,1142,510,726,726', '0', '50781320441', 11.99, '2018-02-16 12:10:52', 1, 21, 'dinheiro', 'Não precisa', 2),
(93, '15,17,327,1149,647,782', '0', '84241671213', 11.99, '2018-02-17 10:45:41', 1, 41, 'dinheiro', '', 2),
(94, '165,181,1148,1148,1149,782,647', '0', '31266076240', 11.99, '2018-02-17 13:11:53', 1, 47, 'dinheiro', '12,00', 2),
(95, '17,241,555,733,578', '0', '18666579172', 11.99, '2018-02-19 11:02:11', 1, 48, 'dinheiro', '', 2),
(96, '211,237,500,726', '0', '58891785703', 11.99, '2018-02-20 10:47:35', 1, 49, 'dinheiro', '', 2),
(97, '17,268,52,52,510,896,896', '0', '65540908793', 11.99, '2018-02-21 10:21:33', 1, 50, 'dinheiro', '', 2),
(98, '15,185,268,52,487,1039,1096', '0', '83288143988', 23.98, '2018-02-21 10:26:30', 2, 52, 'dinheiro', '50', 2),
(99, '15,185,268,52,52,1096,599', '0', '84914706394', 11.99, '2018-02-21 10:29:16', 1, 53, 'dinheiro', '20', 2),
(100, '15,17,268,510,685,685', '0', '9991641078', 11.99, '2018-02-21 12:18:22', 1, 31, 'dinheiro', '15,00', 2),
(101, '37', '1', '30111772358', 12.99, '2018-02-22 08:29:26', 1, 54, 'dinheiro', '2,00', 2),
(102, '1095,188,288,456,382,485,1096,726', '0', '83241087150', 11.99, '2018-02-22 10:12:11', 1, 55, 'dinheiro', '3,00', 2),
(103, '1095,188,235,485,791,665', '0', '90504710893', 11.99, '2018-02-22 10:42:10', 1, 56, 'dinheiro', '3,00', 2),
(104, '1095,188,288,456,382,547,996,791', '0', '42384803196', 11.99, '2018-02-22 11:32:38', 1, 52, 'dinheiro', '50', 2),
(105, '63', '1', '42384803196', 5, '2018-02-22 11:32:38', 1, 52, 'dinheiro', '50', 2),
(106, '235,414,547,726,726', '0', '98161950275', 11.99, '2018-02-22 12:11:35', 1, 10, 'dinheiro', '', 2),
(107, '15,211,299,426,354,511,641,809', '0', '94331898085', 11.99, '2018-02-24 09:59:36', 1, 57, 'dinheiro', 'R$ 6,00', 2),
(108, '139,17,23,426,511,571,571', '0', '94331898085', 11.99, '2018-02-24 09:59:36', 1, 57, 'dinheiro', 'R$ 6,00', 2),
(109, '211,299,426,354,511,897,1107', '0', '67630978965', 11.99, '2018-02-24 11:44:12', 1, 51, 'dinheiro', '', 2),
(110, '211,299,354,426,511,1107,897', '0', '67630978965', 11.99, '2018-02-24 11:44:12', 1, 51, 'dinheiro', '', 2),
(111, '15,17,299,511,1107,809', '0', '97651053380', 11.99, '2018-02-24 12:10:13', 1, 46, 'dinheiro', '50', 2),
(112, '15,299,511,641,841', '0', '97651053380', 11.99, '2018-02-24 12:10:13', 1, 46, 'dinheiro', '50', 2),
(113, '15,193,268,451,353,511,1024,710', '0', '94626730257', 11.99, '2018-02-26 10:21:52', 1, 58, 'dinheiro', '50,00', 2),
(114, '15,193,268,451,511,710,728', '0', '70956533872', 11.99, '2018-02-26 11:05:25', 1, 17, 'dinheiro', '', 2),
(115, '37', '1', '40202081511', 25.98, '2018-02-26 11:50:27', 2, 59, 'dinheiro', '', 2),
(116, '41', '1', '40202081511', 16, '2018-02-26 11:50:27', 1, 59, 'dinheiro', '', 2),
(117, '193,451,353,511,704,704', '0', '3463414789', 11.99, '2018-02-26 11:51:06', 1, 10, 'dinheiro', '20,00', 2),
(118, '161,181,285,457,453,486,776,932', '0', '41419520702', 11.99, '2018-02-27 09:24:27', 1, 60, 'dinheiro', '3,00', 2),
(119, '15,181,453,457,105,576,776', '0', '16766994274', 11.99, '2018-02-27 11:27:41', 1, 13, 'dinheiro', '1', 2),
(120, '161,17,453,457,486,605,939', '0', '16766994274', 11.99, '2018-02-27 11:27:41', 1, 13, 'dinheiro', '1', 2),
(121, '161,181,285,453,457,486,776,939', '0', '98913435840', 11.99, '2018-02-27 12:08:59', 1, 30, 'dinheiro', '25,00', 2),
(122, '161,181,285,457,457,486,576,932', '0', '98913435840', 11.99, '2018-02-27 12:08:59', 1, 30, 'dinheiro', '25,00', 2),
(123, '15,17,52,460,782,782', '0', '18094021609', 11.99, '2018-03-01 08:58:14', 1, 61, 'dinheiro', '0,00', 2),
(124, '169,214,285,354,460,487,951,677', '0', '96161558167', 11.99, '2018-03-01 10:23:55', 1, 61, 'dinheiro', '88,00', 2),
(125, '15,17,268,487,782,897', '0', '98466383355', 11.99, '2018-03-01 10:46:20', 1, 63, 'dinheiro', '', 2),
(126, '169,214,285,52,487,677,996', '0', '41440533598', 11.99, '2018-03-01 11:58:07', 1, 65, 'dinheiro', '20.00', 2),
(127, '15,185,317,23,23,510,576,726', '0', '12322564225', 11.99, '2018-03-03 10:12:49', 1, 65, 'dinheiro', '50,00', 2),
(128, '161,185,317,23,23,510,576,1096', '0', '12322564225', 11.99, '2018-03-03 10:12:49', 1, 65, 'dinheiro', '50,00', 2),
(129, '37', '1', '89428400912', 25.98, '2018-03-03 11:22:14', 2, 51, 'dinheiro', '100,00', 2),
(130, '161,17,274,23,510,726,576', '0', '36944801319', 11.99, '2018-03-03 12:21:29', 1, 17, 'dinheiro', '', 2),
(131, '161,181,23,23,530,782,767', '0', '60011645756', 11.99, '2018-03-05 07:56:35', 1, 61, 'dinheiro', '0,00', 2),
(132, '15,17,241,23,500,726,782', '0', '52753920904', 11.99, '2018-03-05 08:57:09', 1, 63, 'dinheiro', '40,00', 2),
(133, '161,181,241,23,530,576,726', '0', '52753920904', 11.99, '2018-03-05 08:57:09', 1, 63, 'dinheiro', '40,00', 2),
(134, '161,181,241,23,369,530,576,767', '0', '49855204187', 11.99, '2018-03-05 10:19:32', 1, 65, 'dinheiro', '50,00', 2),
(135, '15,17,241,369,500,782,835', '0', '39716284253', 11.99, '2018-03-05 10:43:34', 1, 52, 'dinheiro', '50', 2),
(136, '63', '1', '39716284253', 5, '2018-03-05 10:43:35', 1, 52, 'dinheiro', '50', 2),
(137, '35', '1', '77260351010', 29.99, '2018-03-05 12:32:43', 1, 67, 'dinheiro', '', 2),
(138, '43', '1', '77260351010', 29.99, '2018-03-05 12:32:43', 1, 67, 'dinheiro', '', 2),
(139, '15,58,422,1154,1035,1155', '0', '51830233143', 11.99, '2018-03-06 07:53:52', 1, 61, 'dinheiro', '', 2),
(140, '15,58,233,422,422,560,1001,1035', '0', '39701679539', 11.99, '2018-03-06 10:21:57', 1, 65, 'dinheiro', '', 2),
(141, '144,58,1108,1154,1154,547,1001,1155', '0', '9788570037', 11.99, '2018-03-06 10:46:37', 1, 30, 'dinheiro', '25,00', 2),
(142, '144,58,233,422,422,486,1035,1155', '0', '9788570037', 11.99, '2018-03-06 10:46:37', 1, 30, 'dinheiro', '25,00', 2),
(143, '15,58,233,422,560,1001,1035', '0', '17225958814', 11.99, '2018-03-06 10:47:15', 1, 63, 'dinheiro', '', 2),
(144, '144,233,1154,486,1078,769', '0', '19076023923', 11.99, '2018-03-06 11:45:01', 1, 60, 'dinheiro', '', 2),
(145, '144,58,422,1154,486,1155,769', '0', '5016644285', 11.99, '2018-03-06 11:48:27', 1, 51, 'dinheiro', '', 2),
(146, '15,185,364,392,115,782,952', '0', '26505408901', 11.99, '2018-03-07 07:53:58', 1, 61, 'dinheiro', '3,00', 2),
(147, '128,185,241,23,23,131,618,952', '0', '3111992996', 11.99, '2018-03-07 09:20:29', 1, 65, 'dinheiro', '50,00', 2),
(148, '15,185,241,23,23,131,782,618', '0', '3111992996', 11.99, '2018-03-07 09:20:29', 1, 65, 'dinheiro', '50,00', 2),
(149, '128,185,241,23,364,115,618,1084', '0', '19159079976', 11.99, '2018-03-07 10:12:04', 1, 63, 'dinheiro', '', 2),
(150, '15,185,241,23,115,618,782', '0', '23268417461', 11.99, '2018-03-07 11:48:32', 1, 17, 'dinheiro', '', 2),
(151, '1095,192,460,1156,1158,724,1089', '0', '63864019290', 11.99, '2018-03-08 09:12:31', 1, 61, 'dinheiro', '0,00', 2),
(152, '15,192,261,1156,460,486,647,835', '0', '73133170030', 11.99, '2018-03-08 09:55:09', 1, 65, 'dinheiro', '50,00', 2),
(153, '1095,192,1157,1156,1156,1158,574,724', '0', '73584687369', 11.99, '2018-03-08 11:26:41', 1, 30, 'dinheiro', '8,00', 2),
(154, '1095,192,835,647,959', '0', '1830734353', 15.49, '2018-03-08 12:07:43', 1, 47, 'dinheiro', '20,00', 2),
(155, '15,211,457,1159,511,1030,661', '0', '13115390646', 11.99, '2018-03-09 07:42:21', 1, 61, 'dinheiro', '0,00', 2),
(156, '69,17,317,23,1159,1130,897,1030', '0', '41214901586', 11.99, '2018-03-09 08:46:25', 1, 63, 'dinheiro', '100,00', 2),
(157, '37', '1', '75292556962', 12.99, '2018-03-09 09:11:00', 1, 60, 'dinheiro', '', 2),
(158, '69,17,23,457,511,661,776', '0', '53284155728', 11.99, '2018-03-09 10:46:00', 1, 70, 'dinheiro', '50,00', 2),
(159, '15,17,23,1159,511,661,776', '0', '53284155728', 11.99, '2018-03-09 10:46:00', 1, 70, 'dinheiro', '50,00', 2),
(160, '15,17,23,457,511,776,776', '0', '81106614664', 11.99, '2018-03-09 11:40:12', 1, 10, 'dinheiro', '', 2),
(161, '69,17,23,457,511,1094,1094', '0', '81106614664', 11.99, '2018-03-09 11:40:12', 1, 10, 'dinheiro', '', 2),
(162, '69,17,457,23,1130,776,776', '0', '81106614664', 11.99, '2018-03-09 11:40:12', 1, 10, 'dinheiro', '', 2),
(163, '32', '1', '81106614664', 6, '2018-03-09 11:40:12', 1, 10, 'dinheiro', '', 2),
(164, '14', '1', '3459651259', 21.99, '2018-03-09 12:20:46', 1, 71, 'dinheiro', '8,00', 3),
(165, '15,214,281,52,52,86,674,606', '0', '12265942381', 11.99, '2018-03-10 10:48:20', 1, 65, 'dinheiro', '50,00', 2),
(166, '44', '1', '23802155000', 10, '2018-03-10 11:19:47', 1, 51, 'dinheiro', '50', 2),
(167, '37', '1', '23802155000', 12.99, '2018-03-10 11:19:47', 1, 51, 'dinheiro', '50', 2),
(168, '15,17,241,452,422,511,782,726', '0', '59093279378', 11.99, '2018-03-12 10:12:32', 1, 63, 'dinheiro', '', 2),
(169, '152,211,317,379,422,22,1078,1002', '0', '59093279378', 11.99, '2018-03-12 10:12:32', 1, 63, 'dinheiro', '', 2),
(170, '152,211,241,511,835,768', '0', '77325392392', 11.99, '2018-03-12 13:25:25', 1, 31, 'dinheiro', '20,00', 2),
(171, '161,185,38,392,115,1023,1084', '0', '54914161711', 11.99, '2018-03-13 08:02:19', 1, 61, 'dinheiro', '8,00', 2),
(172, '185,305,38,38,115,733,733', '0', '98118070659', 11.99, '2018-03-13 10:06:20', 1, 60, 'dinheiro', '40,00', 2),
(173, '15,185,281,1129,115,606,847', '0', '62972677621', 11.99, '2018-03-13 12:34:01', 1, 72, 'dinheiro', '50,00', 2),
(174, '15,17,305,1129,115,1023,1023', '0', '62972677621', 11.99, '2018-03-13 12:34:01', 1, 72, 'dinheiro', '50,00', 2),
(175, '15,17,281,1129,115,606,847', '0', '62972677621', 11.99, '2018-03-13 12:34:01', 1, 72, 'dinheiro', '50,00', 2),
(176, '15,214,460,1162,95,1043,711', '0', '2798346433', 11.99, '2018-03-14 08:38:38', 1, 61, 'dinheiro', '1,,00', 2),
(177, '15,17,295,1162,1144,597,711', '0', '27454377812', 11.99, '2018-03-14 10:55:18', 1, 35, 'dinheiro', '20,00', 2),
(178, '128,295,647,711', '0', '82136641636', 11.99, '2018-03-14 12:05:44', 1, 73, 'dinheiro', '50,00', 2),
(179, '128,1076,647', '0', '82136641636', 11.99, '2018-03-14 12:05:44', 1, 73, 'dinheiro', '50,00', 2),
(180, '15,17,244,647,1076', '0', '82136641636', 23.98, '2018-03-14 12:05:44', 2, 73, 'dinheiro', '50,00', 2),
(181, '15,214,244,1162,95,711,1076', '0', '71945734632', 11.99, '2018-03-14 12:39:13', 1, 17, 'dinheiro', '', 2),
(182, '128,214,460,373,1144,777,777', '0', '99626627712', 11.99, '2018-03-14 13:00:18', 1, 74, 'dinheiro', '', 2),
(183, '128,214,1162,460,777,777', '0', '99626627712', 11.99, '2018-03-14 13:00:18', 1, 74, 'dinheiro', '', 2),
(184, '15,58,1156,1159,1097,782,674', '0', '28038291949', 11.99, '2018-03-15 08:03:59', 1, 61, 'dinheiro', '8,00', 2),
(185, '69,58,253,1156,486,1165,923', '0', '86138344593', 11.99, '2018-03-15 09:24:57', 1, 60, 'dinheiro', '', 2),
(186, '15,58,1163,1159,1156,486,782,782', '0', '34984686088', 11.99, '2018-03-15 10:40:32', 1, 75, 'dinheiro', '8,00', 2),
(187, '69,17,1159,1156,486,1165', '0', '48961918076', 11.99, '2018-03-15 10:48:45', 1, 10, 'dinheiro', '50,00', 2),
(188, '69,58,1159,1159,486,1164,1164', '0', '48961918076', 11.99, '2018-03-15 10:48:45', 1, 10, 'dinheiro', '50,00', 2),
(189, '69,17,542,1164,1164', '0', '48961918076', 11.99, '2018-03-15 10:48:45', 1, 10, 'dinheiro', '50,00', 2),
(190, '1095,190,453,354,500,792,952', '0', '14148420032', 11.99, '2018-03-16 08:31:34', 1, 61, 'dinheiro', '38,00', 2),
(191, '17,453,414,500,1089,792', '0', '51323626063', 11.99, '2018-03-16 09:45:00', 1, 63, 'dinheiro', '', 2),
(192, '1095,190,1166,354,414,726,1089', '0', '89100018878', 11.99, '2018-03-16 10:07:21', 1, 33, 'dinheiro', '38,00', 2),
(193, '1095,190,241,414,453,530,576,726', '0', '33965243444', 11.99, '2018-03-16 10:28:57', 1, 76, 'dinheiro', '30,00', 2),
(194, '16,190,241,453,414,500,576,576', '0', '33965243444', 11.99, '2018-03-16 10:28:57', 1, 76, 'dinheiro', '30,00', 2),
(195, '161,181,261,52,467,510,1030,835', '0', '13129761228', 11.99, '2018-03-17 09:25:11', 1, 75, 'dinheiro', '', 2),
(196, '161,181,233,52,467,510,1030,835', '0', '13129761228', 11.99, '2018-03-17 09:25:11', 1, 75, 'dinheiro', '', 2),
(197, '161,181,233,467,467,510,1070,1168', '0', '47358712774', 11.99, '2018-03-17 11:00:28', 1, 65, 'dinheiro', '50,00', 2),
(198, '15,181,233,467,467,510,1070,1168', '0', '47358712774', 11.99, '2018-03-17 11:00:28', 1, 65, 'dinheiro', '50,00', 2),
(199, '36', '1', '7471937380', 25.99, '2018-03-17 11:14:38', 1, 77, 'dinheiro', 'Cartão débi', 2),
(200, '15,181,377,451,1024,1024', '0', '59449471684', 11.99, '2018-03-19 08:44:20', 1, 61, 'dinheiro', '8,00', 2),
(201, '15,181,285,377,377,511,1169,1170', '0', '3159115817', 11.99, '2018-03-19 11:05:30', 1, 43, 'dinheiro', '', 2),
(202, '69,17,377,451,511,1169,1169', '0', '94995650727', 11.99, '2018-03-19 11:44:34', 1, 10, 'dinheiro', '100,00', 2),
(203, '181,451,451,511,1171,1171', '0', '94995650727', 11.99, '2018-03-19 11:44:34', 1, 10, 'dinheiro', '100,00', 2),
(204, '161,192,453,457,1172,792,576', '0', '54478033485', 11.99, '2018-03-20 08:25:44', 1, 61, 'dinheiro', '0,00', 2),
(205, '161,192,326,457,457,486,732,1070', '0', '57616475637', 11.99, '2018-03-20 11:45:52', 1, 30, 'dinheiro', '8,00', 2),
(206, '326,1172,732,732', '0', '4649668722', 11.99, '2018-03-20 16:33:40', 1, 78, 'dinheiro', '', 3),
(207, '15,185,23,415,500,782,1094', '0', '80789610158', 11.99, '2018-03-21 08:03:40', 1, 61, 'dinheiro', '8,00', 2),
(208, '128,17,241,23,415,539,782,782', '0', '60841262217', 11.99, '2018-03-21 09:49:53', 1, 75, 'dinheiro', '', 2),
(209, '169,214,52,460,782,677', '0', '37259265016', 11.99, '2018-03-22 08:00:50', 1, 61, 'dinheiro', '0,00', 2),
(210, '169,17,1173,460,354,487,782,782', '0', '49067358616', 11.99, '2018-03-22 09:06:03', 1, 63, 'dinheiro', '', 2),
(211, '169,214,1173,52,487,726,897', '0', '49067358616', 11.99, '2018-03-22 09:06:03', 1, 63, 'dinheiro', '', 2),
(212, '15,214,1160,52,460,487,677,726', '0', '4715907074', 11.99, '2018-03-22 12:27:42', 1, 79, 'dinheiro', '38,00', 2),
(213, '1095,58,382,426,1174,1035,864', '0', '91047979772', 11.99, '2018-03-23 08:20:12', 1, 61, 'dinheiro', '0,00', 2),
(214, '1095,58,382,1174,1035,864', '0', '53475311733', 11.99, '2018-03-23 10:17:22', 1, 63, 'dinheiro', '', 2),
(215, '15,181,274,1175,1175,486,782,835', '0', '52309888017', 11.99, '2018-03-24 09:43:41', 1, 75, 'dinheiro', '', 2),
(216, '161,181,241,1177,1176,500,576,1178', '0', '11921928114', 11.99, '2018-03-26 09:08:28', 1, 81, 'dinheiro', '25', 2),
(217, '15,17,241,1177,1177,500,782,1178', '0', '11921928114', 11.99, '2018-03-26 09:08:28', 1, 81, 'dinheiro', '25', 2),
(218, '15,58,422,422,560,1035,1035', '0', '75024553038', 11.99, '2018-03-27 08:36:38', 1, 61, 'dinheiro', '8,00', 2),
(219, '15,58,422,422,560,1155,768', '0', '36122884165', 11.99, '2018-03-27 09:04:31', 1, 83, 'dinheiro', '50,00', 2),
(220, '144,58,1132,422,1154,486,1035,768', '0', '53017766002', 11.99, '2018-03-27 09:32:06', 1, 75, 'dinheiro', '10,00', 2),
(221, '144,58,233,1154,1154,547,1155,1035', '0', '74022045208', 11.99, '2018-03-27 10:47:48', 1, 30, 'dinheiro', '26,00', 2),
(222, '144,58,1132,560,54,1155', '0', '74022045208', 11.99, '2018-03-27 10:47:48', 1, 30, 'dinheiro', '26,00', 2),
(223, '144,17,233,422,422,560,1035,768', '0', '34639567237', 11.99, '2018-03-27 11:10:47', 1, 63, 'dinheiro', '', 2),
(224, '15,17,233,422,560,1155,768', '0', '29303504856', 11.99, '2018-03-27 11:38:11', 1, 52, 'dinheiro', '20', 2),
(225, '15,392,1175,131,847', '0', '89846077447', 11.99, '2018-03-28 08:13:48', 1, 61, 'dinheiro', '', 2),
(226, '128,392,115,727,776', '0', '14425508777', 11.99, '2018-03-28 09:15:28', 1, 63, 'dinheiro', '', 2),
(227, '185,307,1175,115,727,776', '0', '64314894116', 11.99, '2018-03-28 09:20:20', 1, 60, 'dinheiro', '', 2),
(228, '15,185,23,1175,115,847,782', '0', '48234121628', 11.99, '2018-03-28 09:44:37', 1, 83, 'dinheiro', '', 2),
(229, '128,185,1175,392,115,618,782', '0', '8500320538', 11.99, '2018-03-28 09:50:51', 1, 79, 'dinheiro', '8,00', 2),
(230, '1095,460,1156,782,724', '0', '87401160532', 11.99, '2018-03-29 07:52:25', 1, 61, 'dinheiro', '40,00', 2),
(231, '15,17,260,460,1156,95,782,782', '0', '62503565166', 11.99, '2018-03-29 09:21:14', 1, 75, 'dinheiro', '', 2),
(232, '1095,192,260,460,1156,486,835,724', '0', '62503565166', 11.99, '2018-03-29 09:21:14', 1, 75, 'dinheiro', '', 2),
(233, '1095,17,460,647,647', '0', '97659059507', 11.99, '2018-03-29 10:52:47', 1, 10, 'dinheiro', '', 2),
(234, '15,192,460,460,724,724', '0', '97659059507', 11.99, '2018-03-29 10:52:47', 1, 10, 'dinheiro', '', 2),
(235, '15,192,486,647,647', '0', '97659059507', 11.99, '2018-03-29 10:52:47', 1, 10, 'dinheiro', '', 2),
(236, '1095,192,260,460,1156,486,647,647', '0', '82492617551', 11.99, '2018-03-29 11:45:49', 1, 76, 'dinheiro', '20', 2),
(237, '23', '1', '82492617551', 4.5, '2018-03-29 11:45:49', 1, 76, 'dinheiro', '20', 2),
(238, '15,17,1156,460,486,782,782', '0', '92452911741', 11.99, '2018-03-29 11:56:45', 1, 84, 'dinheiro', '', 2),
(239, '139,17,1180,422,422,1097,1070,1070', '0', '26353700671', 11.99, '2018-03-31 10:31:10', 1, 65, 'dinheiro', '', 2),
(240, '139,214,1180,422,1104,868,735', '0', '94823578402', 11.99, '2018-03-31 10:49:12', 1, 30, 'dinheiro', '14,00', 2),
(241, '15,281,422,422,1104,674,792', '0', '94823578402', 11.99, '2018-03-31 10:49:12', 1, 30, 'dinheiro', '14,00', 2),
(242, '15,214,1180,422,422,1104,674,1070', '0', '94823578402', 11.99, '2018-03-31 10:49:12', 1, 30, 'dinheiro', '14,00', 2),
(243, '69,181,285,451,353,511,1024,1170', '0', '82501212222', 11.99, '2018-04-02 07:53:35', 1, 85, 'dinheiro', 'R$ 8,00', 2),
(244, '69,181,377,511,1008,1169', '0', '38113628053', 11.99, '2018-04-02 09:22:59', 1, 79, 'dinheiro', '8,00', 2),
(245, '69,17,241,451,377,1008,1024', '0', '85768778257', 11.99, '2018-04-02 10:00:46', 1, 63, 'dinheiro', '50,00', 2),
(246, '241,412,451,1024,1008', '0', '72212258792', 11.99, '2018-04-02 11:14:15', 1, 86, 'dinheiro', '100,00', 2),
(247, '25', '1', '72212258792', 5, '2018-04-02 11:14:15', 1, 86, 'dinheiro', '100,00', 2),
(248, '69,285,451,511,1169,1171', '0', '21061710595', 11.99, '2018-04-02 11:36:30', 1, 87, 'dinheiro', '', 2),
(249, '15,181,285,451,511,78', '0', '23094270868', 11.99, '2018-04-02 12:34:03', 1, 88, 'dinheiro', '', 2),
(250, '161,193,453,457,841,792', '0', '84629348844', 11.99, '2018-04-03 08:09:10', 1, 61, 'dinheiro', '', 2),
(251, '15,320,453,486,776,932', '0', '42658451298', 11.99, '2018-04-03 08:49:36', 1, 83, 'dinheiro', '50,00', 2),
(252, '161,193,453,540,776,792', '0', '59430207608', 11.99, '2018-04-03 08:52:06', 1, 83, 'dinheiro', '', 2),
(253, '193,237,453,453,486,776,932', '0', '59430207608', 11.99, '2018-04-03 08:52:06', 1, 83, 'dinheiro', '', 2),
(254, '161,193,457,105,792,932', '0', '16592782769', 11.99, '2018-04-03 09:52:25', 1, 83, 'dinheiro', '100,00', 2),
(255, '161,193,320,540,776,939', '0', '75299677364', 11.99, '2018-04-03 11:11:58', 1, 30, 'dinheiro', '00', 2),
(256, '161,17,320,932,841', '0', '86518794255', 11.99, '2018-04-03 12:32:18', 1, 89, 'dinheiro', 'R$ 50,00', 2),
(257, '161,193,453,105,932,932', '0', '86518794255', 11.99, '2018-04-03 12:32:18', 1, 89, 'dinheiro', 'R$ 50,00', 2),
(258, '185,467,467,539,727,782', '0', '24063927181', 11.99, '2018-04-04 08:25:12', 1, 63, 'dinheiro', '', 2),
(259, '15,185,23,415,500,1096,1096', '0', '74380562211', 11.99, '2018-04-04 09:19:58', 1, 61, 'dinheiro', '', 2),
(260, '15,185,23,23,539,711,782', '0', '56833764163', 11.99, '2018-04-04 09:30:25', 1, 83, 'dinheiro', '', 2),
(261, '241,467,467,782,1089', '0', '52191447089', 11.99, '2018-04-04 10:11:18', 1, 86, 'dinheiro', 'R$ 20,00', 2),
(262, '128,17,317,467,467,539,711,727', '0', '57701090336', 11.99, '2018-04-04 10:26:07', 1, 90, 'dinheiro', 'Para 20,00', 2),
(263, '128,17,467,467,539,711,711', '0', '59477696110', 11.99, '2018-04-04 10:27:15', 1, 72, 'dinheiro', '', 2),
(264, '15,17,317,467,467,539,1096,1096', '0', '59477696110', 11.99, '2018-04-04 10:27:15', 1, 72, 'dinheiro', '', 2),
(265, '15,17,317,467,467,539,727,727', '0', '59477696110', 11.99, '2018-04-04 10:27:15', 1, 72, 'dinheiro', '', 2),
(266, '128,185,241,467,539,1089,711', '0', '79041350347', 11.99, '2018-04-04 10:28:42', 1, 88, 'dinheiro', '', 2),
(267, '185,467,467,500,711,711', '0', '24768708969', 11.99, '2018-04-04 11:47:16', 1, 10, 'dinheiro', '00', 2),
(268, '169,52,460,847,782', '0', '62241696175', 11.99, '2018-04-05 09:02:26', 1, 61, 'dinheiro', '', 2),
(269, '169,268,52,354,487,726,726', '0', '23354103217', 11.99, '2018-04-05 09:22:41', 1, 60, 'dinheiro', '10,00', 2),
(270, '15,268,354,460,487,847,847', '0', '38321155894', 11.99, '2018-04-05 09:32:06', 1, 83, 'dinheiro', '50,00', 2),
(271, '169,17,285,354,460,487,782,996', '0', '38321155894', 11.99, '2018-04-05 09:32:06', 1, 83, 'dinheiro', '50,00', 2),
(272, '15,17,285,354,52,487,847,782', '0', '30864936847', 11.99, '2018-04-05 09:44:18', 1, 91, 'dinheiro', '', 2),
(273, '169,17,52,354,487,782,782', '0', '30864936847', 11.99, '2018-04-05 09:44:18', 1, 91, 'dinheiro', '', 2),
(274, '169,214,268,52,547,569,897', '0', '80456196658', 11.99, '2018-04-05 10:13:58', 1, 54, 'dinheiro', '', 2),
(275, '214,285,460,547,726,726', '0', '89639768277', 11.99, '2018-04-05 12:25:04', 1, 92, 'dinheiro', '20', 2),
(276, '1095,17,382,426,1035,1035', '0', '62957623315', 11.99, '2018-04-06 08:30:16', 1, 61, 'dinheiro', '40,00', 2),
(277, '15,33,511,924,841', '0', '32959144238', 11.99, '2018-04-06 09:22:49', 1, 83, 'dinheiro', '', 2),
(278, '33,274,414,485,841,1035', '0', '32959144238', 11.99, '2018-04-06 09:22:49', 1, 83, 'dinheiro', '', 2),
(279, '15,17,382,426,485,1035,1035', '0', '71282778309', 11.99, '2018-04-06 09:42:04', 1, 91, 'dinheiro', '30,00', 2),
(280, '15,33,241,382,414,485,841,924', '0', '71282778309', 11.99, '2018-04-06 09:42:04', 1, 91, 'dinheiro', '30,00', 2),
(281, '241,414,485,841,1065', '0', '78930701158', 11.99, '2018-04-06 10:59:22', 1, 86, 'dinheiro', '', 2),
(282, '15,33,274,511,576,1183', '0', '26890997457', 11.99, '2018-04-06 11:32:52', 1, 89, 'dinheiro', 'R$30,00', 2),
(283, '15,17,274,576,1183', '0', '26890997457', 11.99, '2018-04-06 11:32:52', 1, 89, 'dinheiro', 'R$30,00', 2),
(284, '161,17,412,392,510,779,779', '0', '20883639588', 11.99, '2018-04-07 11:30:12', 1, 75, 'dinheiro', '10,00', 2),
(285, '161,422,1177,530,782,835', '0', '92818842602', 11.99, '2018-04-09 08:12:09', 1, 61, 'dinheiro', '', 2),
(286, '15,181,500,576,835', '0', '53527324275', 11.99, '2018-04-09 09:13:10', 1, 83, 'dinheiro', '50,00', 2),
(287, '15,17,422,1177,500,740,1178', '0', '53527324275', 11.99, '2018-04-09 09:13:10', 1, 83, 'dinheiro', '50,00', 2),
(288, '161,181,241,530,576,1153', '0', '31278640959', 11.99, '2018-04-09 09:30:49', 1, 63, 'dinheiro', '', 2),
(289, '161,181,1185,1177,1176,500,782,1153', '0', '91795291936', 11.99, '2018-04-09 10:15:55', 1, 54, 'dinheiro', '8,00', 2),
(290, '161,17,241,1177,530,835,923', '0', '17410306174', 11.99, '2018-04-09 11:48:48', 1, 17, 'dinheiro', '', 2),
(291, '37', '1', '46940897519', 12.99, '2018-04-09 12:03:14', 1, 64, 'dinheiro', 'R$ 15,00', 2),
(292, '23,1154,547,1187,1187,1187', '0', '28098123937', 15.49, '2018-04-10 09:01:34', 1, 94, 'dinheiro', '20', 2),
(293, '15,1186,23,23,1188,1078', '0', '1931800608', 11.99, '2018-04-10 09:36:28', 1, 83, 'dinheiro', '', 2),
(294, '158,17,1186,1154,23,486,1188,1188', '0', '15966693925', 11.99, '2018-04-10 10:03:49', 1, 75, 'dinheiro', '', 2),
(295, '158,211,1186,1154,23,547,1187,1188', '0', '12109834860', 11.99, '2018-04-10 11:36:01', 1, 30, 'dinheiro', '26,00', 2),
(296, '15,211,1186,23,23,486,1187,1001', '0', '12109834860', 11.99, '2018-04-10 11:36:01', 1, 30, 'dinheiro', '26,00', 2),
(297, '15,185,392,1191,988,779', '0', '53371977963', 11.99, '2018-04-11 08:10:39', 1, 61, 'dinheiro', '40,00', 2),
(298, '15,17,1189,779,726', '0', '24294994569', 11.99, '2018-04-11 09:45:59', 1, 83, 'dinheiro', '', 2),
(299, '128,185,333,1189,952,1192', '0', '13702611736', 11.99, '2018-04-11 10:27:15', 1, 30, 'dinheiro', '26,00', 2),
(300, '128,185,333,392,1189,988,1192', '0', '13702611736', 11.99, '2018-04-11 10:27:15', 1, 30, 'dinheiro', '26,00', 2),
(301, '241,1175,1191,1189,779,988', '0', '68890037800', 11.99, '2018-04-11 10:36:01', 1, 86, 'dinheiro', 'R$ 20,00', 2),
(302, '128,1191,1175,131,952,988', '0', '31881977774', 11.99, '2018-04-11 11:37:51', 1, 89, 'dinheiro', '', 2),
(303, '15,17,241,131,726,996', '0', '31881977774', 11.99, '2018-04-11 11:37:52', 1, 89, 'dinheiro', '', 2),
(304, '41', '1', '81929631094', 16, '2018-04-11 11:43:05', 1, 93, 'dinheiro', '', 3),
(305, '63', '1', '81929631094', 5, '2018-04-11 11:43:05', 1, 93, 'dinheiro', '', 3),
(306, '1095,192,460,460,769,769', '0', '10355484494', 11.99, '2018-04-12 08:26:34', 1, 61, 'dinheiro', '10,00', 2),
(307, '15,17,460,1156,486,769,769', '0', '39612836724', 11.99, '2018-04-12 10:18:40', 1, 91, 'dinheiro', '', 2),
(308, '69,17,427,457,86,1049', '0', '34444091056', 11.99, '2018-04-13 08:04:26', 1, 61, 'dinheiro', '', 2),
(309, '69,241,457,1194,1130,776,776', '0', '24930931912', 11.99, '2018-04-13 09:24:48', 1, 60, 'dinheiro', '', 2),
(310, '69,17,317,457,427,86,127,1030', '0', '45015619923', 11.99, '2018-04-13 11:58:33', 1, 95, 'dinheiro', 'R$ 8,00', 2),
(311, '15,17,241,86,776,127', '0', '20627836612', 11.99, '2018-04-13 13:43:02', 1, 89, 'dinheiro', '', 2),
(312, '17,241,86,1030,776', '0', '20627836612', 11.99, '2018-04-13 13:43:02', 1, 89, 'dinheiro', '', 2),
(313, '15,1195,1196,467,52,115,576,576', '0', '31798449824', 11.99, '2018-04-14 11:30:19', 1, 95, 'dinheiro', '', 2),
(314, '15,1195,241,467,467,115,576,1008', '0', '2868675532', 11.99, '2018-04-14 11:57:26', 1, 96, 'dinheiro', '60,00', 2),
(315, '139,1195,1196,52,467,115,727,647', '0', '2868675532', 11.99, '2018-04-14 11:57:26', 1, 96, 'dinheiro', '60,00', 2),
(316, '11', '1', '2868675532', 17.99, '2018-04-14 11:57:26', 1, 96, 'dinheiro', '60,00', 2),
(317, '24', '1', '2868675532', 6, '2018-04-14 11:57:26', 1, 96, 'dinheiro', '60,00', 2),
(318, '46', '1', '2868675532', 6, '2018-04-14 11:57:26', 1, 96, 'dinheiro', '60,00', 2),
(319, '62', '1', '22710522727', 18.99, '2018-04-16 10:05:35', 1, 83, 'dinheiro', '50,00', 2),
(320, '64', '1', '22710522727', 10, '2018-04-16 10:05:35', 1, 83, 'dinheiro', '50,00', 2),
(321, '161,181,237,453,453,1172,792,776', '0', '3048443532', 11.99, '2018-04-17 11:11:00', 1, 75, 'dinheiro', '', 2),
(322, '161,181,285,457,540,939,776', '0', '57167334357', 11.99, '2018-04-17 11:15:45', 1, 30, 'dinheiro', '', 2),
(323, '161,181,453,453,1172,776,792', '0', '10037306068', 11.99, '2018-04-17 11:38:57', 1, 75, 'dinheiro', '', 2),
(324, '317,415,539,735,726', '0', '46294886394', 11.99, '2018-04-18 09:54:15', 1, 60, 'dinheiro', '10,00', 2),
(325, '15,17,317,415,23,539,1065,735', '0', '90745855417', 11.99, '2018-04-18 11:49:59', 1, 97, 'dinheiro', '38,00', 2),
(326, '15,17,52,354,1110,825,782', '0', '14431589555', 11.99, '2018-04-19 09:27:09', 1, 91, 'dinheiro', '', 2),
(327, '169,214,285,354,52,1110,569,677', '0', '62118229368', 11.99, '2018-04-19 11:18:01', 1, 98, 'dinheiro', '', 2),
(328, '1095,33,274,382,485,1079,1096', '0', '59260325639', 11.99, '2018-04-20 10:08:56', 1, 60, 'dinheiro', '40,00', 2),
(329, '15,33,274,426,426,511,576,1035', '0', '49772692021', 11.99, '2018-04-20 11:45:56', 1, 98, 'dinheiro', '1,00', 2),
(330, '1095,17,274,426,485,835,1035', '0', '54120262557', 11.99, '2018-04-20 12:22:34', 1, 17, 'dinheiro', '20,00', 2),
(331, '1201,193,261,460,460,482,1096,1096', '0', '17764170382', 11.99, '2018-04-23 09:17:29', 1, 91, 'dinheiro', '', 2),
(332, '208,261,460,1202,482,778,1171', '0', '17764170382', 11.99, '2018-04-23 09:17:29', 1, 91, 'dinheiro', '', 2),
(333, '1160,1202,482,778,778', '0', '30405436477', 11.99, '2018-04-23 10:02:03', 1, 86, 'dinheiro', 'R$ 50,00', 2),
(334, '208,460,460,482,596,596', '0', '50927690709', 11.99, '2018-04-23 10:52:54', 1, 10, 'dinheiro', '100,00', 2),
(335, '1201,482,835,835', '0', '50927690709', 11.99, '2018-04-23 10:52:55', 1, 10, 'dinheiro', '100,00', 2),
(336, '161,208,460,460,482,778,778', '0', '50927690709', 11.99, '2018-04-23 10:52:55', 1, 10, 'dinheiro', '100,00', 2),
(337, '1201,208,482,932,932', '0', '50927690709', 11.99, '2018-04-23 10:52:55', 1, 10, 'dinheiro', '100,00', 2),
(338, '1201,193,261,1171,932', '0', '11895423963', 11.99, '2018-04-23 11:04:12', 1, 100, 'dinheiro', '20', 2),
(339, '1201,208,482,835,1096', '0', '47112291709', 11.99, '2018-04-23 11:41:21', 1, 100, 'dinheiro', '50', 2),
(340, '181,333,1206,502,1171,1171', '0', '83858830822', 11.99, '2018-04-24 09:30:59', 1, 60, 'dinheiro', '10,00', 2),
(341, '149,181,333,1206,1206,502,597,940', '0', '73938137609', 11.99, '2018-04-24 11:08:48', 1, 30, 'dinheiro', 'O0', 2),
(342, '15,208,1199,511,605,1078', '0', '3802245785', 11.99, '2018-04-26 12:07:18', 1, 89, 'dinheiro', 'R$100,00', 2),
(343, '15,208,511,1019,53', '0', '3802245785', 11.99, '2018-04-26 12:07:18', 1, 89, 'dinheiro', 'R$100,00', 2),
(344, '15,208,1199,460,53,53', '0', '3802245785', 11.99, '2018-04-26 12:07:18', 1, 89, 'dinheiro', 'R$100,00', 2),
(345, '139,208,1216,1218,1219,1208', '0', '53217879192', 11.99, '2018-04-27 09:43:40', 1, 63, 'dinheiro', '', 2),
(346, '139,1216,1218,809,1219', '0', '43194593022', 11.99, '2018-04-27 09:47:42', 1, 60, 'dinheiro', '40,00', 2),
(347, '161,17,467,402,510,1094,896', '0', '46504941865', 11.99, '2018-04-28 10:47:17', 1, 106, 'dinheiro', '', 2),
(348, '161,214,1221,467,467,1222,896,779', '0', '76632881075', 11.99, '2018-04-28 11:05:21', 1, 65, 'dinheiro', '', 2),
(349, '15,214,281,356,356,500,576,1079', '0', '39765237664', 11.99, '2018-05-01 11:31:49', 1, 98, 'dinheiro', '00', 2),
(350, '161,214,1223,356,23,500,1065,1065', '0', '39765237664', 11.99, '2018-05-01 11:31:49', 1, 98, 'dinheiro', '00', 2),
(351, '128,185,240,412,422,511,1224,1224', '0', '40163465818', 11.99, '2018-05-02 10:55:49', 1, 91, 'dinheiro', '', 2),
(352, '241,467,467,510,1096,1096', '0', '81792754214', 11.99, '2018-05-04 10:08:15', 1, 60, 'dinheiro', '10,00', 2),
(353, '161,17,264,38,38,511,804,804', '0', '81352539106', 11.99, '2018-05-05 09:14:12', 1, 91, 'dinheiro', '', 2),
(354, '161,214,285,38,38,511,940,782', '0', '47593957614', 11.99, '2018-05-05 10:09:39', 1, 98, 'dinheiro', '', 2),
(355, '15,214,285,1113,547,782,569', '0', '91084548905', 11.99, '2018-05-05 11:17:10', 1, 110, 'dinheiro', '', 2),
(356, '161,214,264,1113,38,547,782,940', '0', '80778433933', 11.99, '2018-05-05 11:47:21', 1, 95, 'dinheiro', 'R$26,00', 2),
(357, '161,17,264,1113,38,511,782,804', '0', '80778433933', 11.99, '2018-05-05 11:47:21', 1, 95, 'dinheiro', 'R$26,00', 2),
(358, '161,214,285,1113,38,511,1077,940', '0', '96826312250', 11.99, '2018-05-05 11:49:03', 1, 111, 'dinheiro', '', 2),
(359, '161,193,320,457,457,486,776,939', '0', '34022471806', 11.99, '2018-05-08 11:28:24', 1, 30, 'dinheiro', '8,00', 2),
(360, '15,17,52,354,510,847,847', '0', '26645899927', 11.99, '2018-05-10 09:23:57', 1, 91, 'dinheiro', '', 2),
(361, '15,214,268,52,460,847,847', '0', '28437815373', 11.99, '2018-05-10 11:25:16', 1, 105, 'dinheiro', '8,00', 2),
(362, '169,214,268,460,510,782,1078', '0', '622583102', 11.99, '2018-05-10 12:36:58', 1, 17, 'dinheiro', '50,000', 2),
(363, '1095,17,274,426,414,511,778,1232', '0', '99880573602', 11.99, '2018-05-11 09:02:36', 1, 113, 'dinheiro', '20.00', 2),
(364, '1095,264,382,1233,1232', '0', '90327548569', 11.99, '2018-05-11 09:31:56', 1, 60, 'dinheiro', '10,00', 2),
(365, '1095,17,274,426,511,778,1232', '0', '68446747449', 11.99, '2018-05-11 09:40:24', 1, 114, 'dinheiro', '', 2),
(366, '1095,33,426,382,511,958,778', '0', '64353596748', 11.99, '2018-05-11 10:23:13', 1, 90, 'dinheiro', '', 2),
(367, '54', '1', '21529663471', 5, '2018-05-11 11:29:01', 1, 115, 'dinheiro', '20,00', 2),
(368, '1095,33,274,382,426,485,1232,1233', '0', '21529663471', 11.99, '2018-05-11 11:29:01', 1, 115, 'dinheiro', '20,00', 2),
(369, '1095,33,264,414,426,511,958,778', '0', '64285000590', 11.99, '2018-05-11 12:40:25', 1, 95, 'dinheiro', 'R$1,00', 2),
(370, '1095,17,264,414,382,511,127,576', '0', '64285000590', 11.99, '2018-05-11 12:40:25', 1, 95, 'dinheiro', 'R$1,00', 2),
(371, '15,17,356,453,117,117', '0', '58873862579', 11.99, '2018-05-14 10:15:59', 1, 116, 'dinheiro', '20,00', 2),
(372, '15,214,241,453,356,117,782', '0', '30079477068', 11.99, '2018-05-14 10:54:58', 1, 117, 'dinheiro', 'Não ', 2),
(373, '161,214,241,356,356,1104,1098,1099', '0', '64109111837', 11.99, '2018-05-14 11:07:23', 1, 30, 'dinheiro', '', 2),
(374, '161,214,241,453,1104,1077,1098', '0', '64109111837', 11.99, '2018-05-14 11:07:23', 1, 30, 'dinheiro', '', 2),
(375, '15,17,1223,38,404,500,835,835', '0', '48408917207', 11.99, '2018-05-15 09:38:44', 1, 91, 'dinheiro', '', 2),
(376, '69,17,38,422,500,776,776', '0', '80282870925', 11.99, '2018-05-15 11:22:16', 1, 116, 'dinheiro', '20,00', 2),
(377, '69,17,1223,404,404,500,835,959', '0', '75456198527', 11.99, '2018-05-15 11:31:15', 1, 113, 'dinheiro', '50.00', 2),
(378, '15,17,1223,38,38,500,651,776', '0', '75456198527', 11.99, '2018-05-15 11:31:15', 1, 113, 'dinheiro', '50.00', 2),
(379, '15,214,274,38,500,835,782', '0', '67382569546', 11.99, '2018-05-15 12:04:55', 1, 17, 'dinheiro', '20,00', 2),
(380, '69,404,422,500,776,782', '0', '14522495182', 11.99, '2018-05-15 12:15:38', 1, 118, 'dinheiro', '20,00', 2),
(381, '128,241,23,23,540,1094,574', '0', '34433253085', 11.99, '2018-05-16 09:01:32', 1, 85, 'dinheiro', '', 2),
(382, '1177,422,540,782,730', '0', '36744011949', 11.99, '2018-05-16 09:52:52', 1, 118, 'dinheiro', '20,00', 2),
(383, '128,181,422,1177,677,677', '0', '32784367053', 11.99, '2018-05-16 10:12:11', 1, 116, 'dinheiro', '', 2),
(384, '128,181,285,422,422,540,134,677', '0', '5912576583', 11.99, '2018-05-16 12:14:32', 1, 119, 'dinheiro', '', 3),
(385, '169,185,453,510,597,597', '0', '74885782985', 11.99, '2018-05-17 11:24:23', 1, 116, 'dinheiro', '20,00', 2),
(386, '161,17,241,453,453,500,611', '0', '83025720027', 11.99, '2018-05-19 11:03:39', 1, 120, 'dinheiro', '26,20', 2),
(387, '161,214,241,453,453,500,611,611', '0', '83025720027', 11.99, '2018-05-19 11:03:39', 1, 120, 'dinheiro', '26,20', 2),
(388, '161,214,337,23,467,500,611,1096', '0', '53598101335', 11.99, '2018-05-19 11:28:31', 1, 121, 'dinheiro', '25,00', 2),
(389, '17,337,467,467,500,727,940', '0', '53598101335', 11.99, '2018-05-19 11:28:31', 1, 121, 'dinheiro', '25,00', 2),
(390, '15,185,38,392,500,1096,1096', '0', '94087203022', 11.99, '2018-05-21 09:43:11', 1, 116, 'dinheiro', '', 2),
(391, '185,38,392,611,835', '0', '57026245008', 11.99, '2018-05-21 11:08:41', 1, 122, 'dinheiro', '15', 3),
(392, '169,193,453,414,22,726,804', '0', '83576553498', 11.99, '2018-05-22 10:00:43', 1, 116, 'dinheiro', '', 3),
(393, '128,181,52,115,677,677', '0', '71373490875', 11.99, '2018-05-23 10:03:08', 1, 116, 'dinheiro', '20,00', 2),
(394, '128,52,511,677,677', '0', '51031019124', 11.99, '2018-05-23 10:26:23', 1, 123, 'dinheiro', 'Não preciso', 2),
(395, '15,181,52,115,677,940', '0', '75196613675', 11.99, '2018-05-23 10:28:39', 1, 79, 'dinheiro', '20,00', 2),
(396, '15,181,274,52,486,791,835', '0', '27911213137', 11.99, '2018-05-23 12:11:24', 1, 17, 'dinheiro', '', 2),
(397, '69,17,360,377,1096,1096', '0', '47030932182', 11.99, '2018-05-24 09:14:43', 1, 116, 'dinheiro', '', 2),
(398, '69,214,241,547,1096,1231', '0', '67577174529', 11.99, '2018-05-24 09:47:17', 1, 123, 'dinheiro', 'Troco para ', 2),
(399, '69,214,377,453,547,726,726', '0', '83044447293', 11.99, '2018-05-24 11:06:38', 1, 105, 'dinheiro', 'Não precisa', 3),
(400, '15,214,233,360,547,726,1231', '0', '73804398929', 11.99, '2018-05-24 12:24:20', 1, 17, 'dinheiro', '', 3),
(401, '17,274,467,467,510,835,835', '0', '60981519856', 11.99, '2018-05-25 10:19:29', 1, 123, 'dinheiro', 'Troco para ', 2),
(402, '161,17,274,467,452,510,561,672', '0', '18369456296', 11.99, '2018-05-25 10:58:13', 1, 51, 'dinheiro', '20,00', 3),
(403, '161,17,452,467,510,835,835', '0', '6136457446', 11.99, '2018-05-25 11:00:24', 1, 116, 'dinheiro', '', 3),
(404, '37', '1', '23667736788', 12.99, '2018-05-28 11:10:44', 1, 116, 'dinheiro', '', 3),
(405, '161,193,453,457,86,576,576', '0', '9721996459', 11.99, '2018-05-29 09:15:59', 1, 116, 'dinheiro', '', 2),
(406, '161,17,237,457,486,776,792', '0', '59598717055', 11.99, '2018-05-29 12:31:18', 1, 17, 'dinheiro', '', 2),
(407, '128,415,539,739,739', '0', '74635740229', 11.99, '2018-05-30 11:33:24', 1, 116, 'dinheiro', '', 3);

-- --------------------------------------------------------

--
-- Estrutura para tabela `categoria`
--

CREATE TABLE `categoria` (
  `id` int(11) NOT NULL,
  `nome` varchar(256) COLLATE utf8_unicode_ci NOT NULL,
  `valor` int(11) NOT NULL,
  `descricao` text COLLATE utf8_unicode_ci NOT NULL,
  `categoria` int(11) NOT NULL
) ENGINE=MyISAM DEFAULT CHARSET=utf8 COLLATE=utf8_unicode_ci;

--
-- Fazendo dump de dados para tabela `categoria`
--

INSERT INTO `categoria` (`id`, `nome`, `valor`, `descricao`, `categoria`) VALUES
(3, 'Frangos', 0, '', 0),
(2, 'Executivos', 0, '', 0),
(4, 'Carnes', 0, '', 0),
(5, 'Parmegiana', 0, '', 0),
(6, 'Peixes e Crustáceos', 0, '', 0),
(7, 'Guarnições', 0, '', 0),
(8, 'Bebidas', 0, '', 0),
(9, 'Sobremesas', 0, '', 0);

-- --------------------------------------------------------

--
-- Estrutura para tabela `configuracao`
--

CREATE TABLE `configuracao` (
  `id` int(11) NOT NULL,
  `preco_marmita` varchar(256) COLLATE utf8_unicode_ci NOT NULL,
  `preco_prato` varchar(256) COLLATE utf8_unicode_ci NOT NULL,
  `email` varchar(256) COLLATE utf8_unicode_ci NOT NULL
) ENGINE=MyISAM DEFAULT CHARSET=utf8 COLLATE=utf8_unicode_ci;

--
-- Fazendo dump de dados para tabela `configuracao`
--

INSERT INTO `configuracao` (`id`, `preco_marmita`, `preco_prato`, `email`) VALUES
(1, '11.99', '', 'pedidos@lexrestaurante.com.br');

-- --------------------------------------------------------

--
-- Estrutura para tabela `marmita`
--

CREATE TABLE `marmita` (
  `id` int(11) NOT NULL,
  `dia_semana` varchar(30) COLLATE utf8_unicode_ci NOT NULL,
  `data_marmita` date NOT NULL,
  `feijao` varchar(256) COLLATE utf8_unicode_ci NOT NULL,
  `arroz` varchar(256) COLLATE utf8_unicode_ci NOT NULL,
  `macarrao` varchar(256) COLLATE utf8_unicode_ci NOT NULL,
  `salada` varchar(256) COLLATE utf8_unicode_ci NOT NULL,
  `acompanhamentos` varchar(256) COLLATE utf8_unicode_ci NOT NULL,
  `carnes` varchar(256) COLLATE utf8_unicode_ci NOT NULL,
  `bebidas` varchar(256) COLLATE utf8_unicode_ci NOT NULL,
  `sobremesas` varchar(256) COLLATE utf8_unicode_ci NOT NULL
) ENGINE=MyISAM DEFAULT CHARSET=utf8 COLLATE=utf8_unicode_ci;

--
-- Fazendo dump de dados para tabela `marmita`
--

INSERT INTO `marmita` (`id`, `dia_semana`, `data_marmita`, `feijao`, `arroz`, `macarrao`, `salada`, `acompanhamentos`, `carnes`, `bebidas`, `sobremesas`) VALUES
(21, 'terca', '2018-01-02', '7,15,69', '17,18,58', '94', '26,64,74,97', '31,95,96', '77,98,99,100', '13', '14'),
(22, 'quarta', '2018-01-03', '7,15,101', '17,18,102', '103', '26,106,108', '44,104,105,107', '54,109,110,111', '13', '14'),
(23, 'quinta', '2018-01-04', '7,15,32', '112', '113', '26,74,116', '72,114,115', '117,118,119,120', '13', '14'),
(24, 'sexta', '2018-01-05', '7,15,57', '17,18,121', '122', '26,123,124', '31,48,63', '79,125,126,127', '13', '14'),
(27, 'sabado', '2018-01-06', '15,128', '17,193', '94,350', '414,457,460', '539,547', '574,782,841,921,945,1008,1055', '13', '14'),
(20, 'segunda', '2018-01-01', '15', '17,18,83', '84', '26,87,89', '56,85,86,88', '90,91,92,93,1182', '13', '14'),
(28, 'segunda', '2018-01-08', '15,69', '17,193', '241,268', '353,377,412,451', '511', '78,111,710,728,940,1008,1024', '13', '14'),
(29, 'terca', '2018-01-09', '15,161', '17,181', '237,285', '453,457', '105,486,540', '576,605,776,792,841,932,939', '13', '14'),
(30, 'quarta', '2018-01-10', '15,128', '17,185', '241,317', '23,415,467', '500,539', '597,710,727,735,782,1086,1094', '13', '14'),
(31, 'quinta', '2018-01-11', '15,169', '17,214', '268,285', '38,354,460', '487,547', '569,677,726,782,897,951,996', '13', '14'),
(32, 'sexta', '2018-01-12', '15,1095', '17,33', '241,274', '382,414,426', '485,511', '576,665,791,841,924,985,1096', '13', '14'),
(33, 'sabado', '2018-01-13', '15,161', '17,185', '274,317', '23,412', '500,510,547', '576,710,726,778,841,946,1096', '13', '14'),
(34, 'segunda', '2018-01-15', '15,69', '17,193', '233,241', '38,465', '547,1097', '594,677,726,804,897,955', '13', '14'),
(35, 'terca', '2018-01-16', '15,161', '17,214', '235,303', '23,453', '500', '576,776,782,1094,1098,1099', '13', '14'),
(36, 'quarta', '2018-01-17', '15,128', '17,1101', '241', '414,452,1100', '86', '569,708,782,832,951,996', '13', '14'),
(37, 'quinta', '2018-01-18', '15,69', '17,181', '241,281', '38,457', '486,547', '53,601,782,940,1067,1070,1089', '13', '14'),
(38, 'sexta', '2018-01-19', '15,1095', '17,185', '317', '382,453,467', '510', '574,685,710,791,841,924,949', '13', '14'),
(39, 'sexta', '2018-01-19', '15,1095', '17,185', '317,1103', '382,453,467', '510', '574,685,710,791,841,924,949', '13', '14'),
(40, 'sabado', '2018-01-20', '15,169', '17,211', '264,285', '427,460', '486,1104', '611,651,726,735,782,804,945', '13', '14'),
(41, 'segunda', '2018-01-22', '15,161', '17,214', '241,285', '356,415,452,454', '555', '578,732,954,1049,1070,1096,1105', '13', '14'),
(42, 'terca', '2018-01-23', '15,169', '17,211', '237,323', '38,461', '489,500,1104', '606,631,726,825,840,938,1026', '13', '14'),
(43, 'segunda', '2018-01-24', '15,128', '17,185', '256,268', '23,52', '487,510,1104', '599,685,896,939,989,1039,1096', '13', '14'),
(44, 'quarta', '2018-01-24', '15,128', '17,185', '256,268', '23,52', '487,510,1104', '599,685,896,939,989,1039,1096', '13', '14'),
(45, 'quinta', '2018-01-25', '15,1095', '17,188', '235,288', '382,414,456', '485,547', '665,726,791,911,931,996,1096', '13', '14'),
(46, 'sexta', '2018-01-26', '15,175', '17,181', '274,286', '378,386,427,1106', '1097', '574,782,804,959,985,1089,1096', '13', '14'),
(47, 'sabado', '2018-01-27', '15,139', '17,211', '281,299', '23,354,426', '511,1104', '571,641,779,809,841,897,1107', '13', '14'),
(48, 'segunda', '2018-01-29', '15,69', '17,214', '233,268', '353,377,412,451', '511', '561,704,710,728,959,1008,1024', '13', '14'),
(49, 'terca', '2018-01-30', '15,161', '17,181', '237,1108', '453,457', '486,540,1097', '576,605,776,792,841,932,939', '13', '14'),
(50, 'quarta', '2018-01-31', '15,128', '17,185', '241,332', '23,389,460', '510,511', '597,710,726,735,782,1086,1094', '13', '14'),
(51, 'quinta', '2018-02-01', '15,165', '17,211', '268,288', '52,354,460', '487,547', '569,677,726,782,897,951,996', '13', '14'),
(52, 'sexta', '2018-02-02', '15,1095', '17,33', '229,274', '382,414,426', '485,511', '576,782,841,924,984,1096,1109', '13', '14'),
(53, 'sabado', '2018-02-03', '15,161', '17,181', '274,317', '23,412', '536,547,1110', '576,710,726,778,841,946,1111', '13', '14'),
(54, 'segunda', '2018-02-05', '15,161', '17,211', '241,281', '356,415,453', '114,547', '580,726,782,949,1070,1078,1096', '13', '14'),
(55, 'terca', '2018-02-06', '15,128', '17,181', '235,264', '23,452,460', '86,486', '134,601,665,835,932,1039,1089', '13', '14'),
(56, 'quarta', '2018-02-07', '15,69', '17,200', '241,319', '38,377,382', '500,539', '569,706,726,954,995,1032,1096', '13', '14'),
(57, 'quinta', '2018-02-08', '15,152', '17,185', '240,285', '23,52,460', '86,547', '561,651,730,782,835,869,945', '13', '14'),
(58, 'sexta', '2018-02-09', '15,1095', '17,211', '241,281', '354,453,467,1113', '510', '594,672,776,792,804,940,1096', '13', '14'),
(59, 'sabado', '2018-02-10', '15,128', '17,193', '274,350', '414,457,460', '511,547', '574,782,841,921,945,1008,1055', '13', '14'),
(60, 'segunda', '2018-02-12', '15,69', '17,1114', '233,281', '38,377,1115', '547,559', '726,782,804,897,1116,1117,1118', '13', '14'),
(61, 'terca', '2018-02-13', '15,161', '17,215', '1119,1120', '1113,1121,1122', '131,486', '776,1008,1039,1123,1124,1125', '13', '14'),
(62, 'quarta', '2018-02-14', '15,1126', '17,58', '240,1127', '452,1128,1129', '530,1130', '569,706,726,782,814,1089,1131', '13', '14'),
(63, 'quinta', '2018-02-15', '15,128', '17,185', '235,1132', '23,1133', '115,542,1134', '782,996,1135,1136,1137,1138,1139', '13', '14'),
(64, 'sexta', '2018-02-16', '15,1095', '17,1140', '241,1141', '1142,1143', '510,1144,1145', '574,685,726,792,841,924,1147', '13', '14'),
(65, 'sabado', '2018-02-17', '15,165', '17,181', '237,327', '354,1148', '547,1149,1150', '647,782,832,1008,1096,1151,1152', '13', '14'),
(66, 'segunda', '2018-02-19', '15,161', '17,214', '241,285', '356,415,452,454', '555', '578,733,954,1049,1096,1105', '13', '14'),
(67, 'terca', '2018-02-20', '15,169', '17,211', '237,323', '38,465', '489,500,1104', '606,631,726,825,840,938,1026', '13', '14'),
(68, 'quarta', '2018-02-21', '15,128', '17,185', '256,268', '23,52', '487,510,1104', '599,685,896,939,989,1039,1096', '13', '14'),
(69, 'quinta', '2018-02-22', '15,1095', '17,188', '235,288', '382,414,456', '485,547', '665,726,791,911,931,996,1096', '13', '14'),
(70, 'sexta', '2018-02-23', '15,175', '17,181', '274,285', '378,386,427,1106', '1097', '574,782,804,959,984,1089,1096', '13', '14'),
(71, 'sabado', '2018-02-24', '15,139', '17,211', '281,299', '23,354,426', '511,1104', '571,641,779,809,841,897,1107', '13', '14'),
(72, 'segunda', '2018-02-26', '15,69', '17,193', '241,268', '353,377,412,451', '511', '78,704,710,728,940,1008,1024', '13', '14'),
(73, 'terca', '2018-02-27', '15,161', '17,181', '237,285', '453,457', '105,486,540', '576,605,776,792,841,932,939', '13', '14'),
(74, 'quarta', '2018-02-28', '15,128', '17,185', '241,317', '23,415,467', '500,539', '597,710,727,735,782,1086,1094', '13', '14'),
(75, 'quinta', '2018-03-01', '15,169', '17,214', '268,285', '52,354,460', '487,547', '569,677,726,782,897,951,996', '13', '14'),
(76, 'sabado', '2018-03-03', '15,161', '17,185', '274,317', '23,412', '500,510,547', '576,710,726,778,841,946,1096', '13', '14'),
(77, 'segunda', '2018-03-05', '15,161', '17,181', '241,282', '23,369', '500,530', '576,726,767,782,835,923,1153', '13', '14'),
(78, 'terca', '2018-03-06', '15,144', '17,58', '233,1108', '422,1154', '486,547,560', '54,769,825,1001,1035,1078,1155', '13', '14'),
(79, 'quarta', '2018-03-07', '15,128', '17,185', '241,307', '23,364,392', '115,131', '618,738,782,825,923,952,1084', '13', '14'),
(80, 'quinta', '2018-03-08', '15,1095', '17,192', '261,1157', '460,1156', '486,547,1158', '574,647,724,782,835,959,1089', '13', '14'),
(81, 'sexta', '2018-03-09', '15,69', '17,211', '241,317', '23,457,1159', '511,1130', '597,661,776,897,1030,1094', '13', '14'),
(82, 'sabado', '2018-03-10', '15,139', '17,214', '281,351', '52,422', '86,115,1104', '606,674,726,735,792,835,954', '13', '14'),
(83, 'segunda', '2018-03-12', '15,152', '17,211', '241,317', '379,422,452', '22,511', '591,726,768,782,835,1002,1078', '13', '14'),
(84, 'terca', '2018-03-13', '15,161', '17,185', '281,305', '23,38,392,1129', '115', '606,733,847,923,1023,1084,1161', '13', '14'),
(85, 'quarta', '2018-03-14', '15,128', '17,214', '244,295', '373,460,1162', '95,1144', '597,647,711,777,1010,1043,1076', '13', '14'),
(86, 'quinta', '2018-03-15', '15,69', '17,58', '253,1163', '1156,1159', '486,542,1097', '674,782,804,923,1055,1164,1165', '13', '14'),
(87, 'sexta', '2018-03-16', '16,1095', '17,190', '241,1166', '354,414,453', '500,530', '576,726,735,792,952,1089', '13', '14'),
(88, 'sabado', '2018-03-17', '15,161', '17,181', '233,261', '52,392,409,467', '510', '78,768,835,1030,1070,1168', '13', '14'),
(89, 'segunda', '2018-03-19', '15,69', '17,181', '241,285', '353,377,412,451', '511', '78,940,1008,1024,1169,1170,1171', '13', '14'),
(90, 'terca', '2018-03-20', '15,161', '17,192', '237,326', '453,457', '486,540,1172', '576,726,732,792,835,923,1070', '13', '14'),
(91, 'quarta', '2018-03-21', '15,128', '17,185', '241,256', '23,415,467', '500,539', '597,735,782,996,1078,1089,1094', '13', '14'),
(92, 'quinta', '2018-03-22', '15,169', '17,214', '1160,1173', '52,354,460', '487,547', '569,647,677,726,782,897,951', '13', '14'),
(93, 'sexta', '2018-03-23', '15,1095', '17,58', '241,252', '382,426', '131,511,1174', '54,774,804,864,1035,1065,1084', '13', '14'),
(94, 'sabado', '2018-03-24', '15,161', '17,181', '274,333', '392,1175', '486,500,547', '582,651,732,777,782,835,923', '13', '14'),
(95, 'segunda', '2018-03-26', '15,161', '17,181', '241,282', '23,1176,1177', '500,530', '576,726,782,835,923,1153,1178', '13', '14'),
(96, 'terca', '2018-03-27', '15,144', '17,58', '233,1132', '422,1154', '486,547,560', '54,768,825,1001,1035,1078,1155', '13', '14'),
(97, 'quarta', '2018-03-28', '15,128', '17,185', '241,307', '23,392,1175', '115,131', '618,727,776,782,847,952,1084', '13', '14'),
(98, 'quinta', '2018-03-29', '15,1095', '17,192', '260,1157', '460,1156', '95,486,547', '574,647,724,782,835,1008,1089', '13', '14'),
(99, 'sexta', '2018-03-30', '15,69', '17,211', '241,317', '23,457,1159', '511,1130', '597,661,686,718,726,1030,1096', '13', '14'),
(100, 'sabado', '2018-03-31', '15,139', '17,214', '281,1180', '422', '22,1097,1104', '674,735,792,835,868,1070', '13', '14'),
(101, 'segunda', '2018-04-02', '15,69', '17,181', '241,285', '353,377,412,451', '511', '78,940,1008,1024,1169,1170,1171', '13', '14'),
(102, 'terca', '2018-04-03', '15,161', '17,193', '237,320', '453,457', '105,486,540', '576,605,776,792,841,932,939', '13', '14'),
(103, 'quarta', '2018-04-04', '15,128', '17,185', '241,317', '23,415,467', '500,539', '561,711,727,782,1089,1094,1096', '13', '14'),
(104, 'quinta', '2018-04-05', '15,169', '17,214', '268,285', '52,354,460', '487,547', '569,726,782,847,897,951,996', '13', '14'),
(105, 'sexta', '2018-04-06', '15,1095', '17,33', '241,274', '382,414,426', '485,511', '576,841,924,1035,1065,1096,1183', '13', '14'),
(106, 'sabado', '2018-04-07', '15,161', '17,211', '274,285', '23,392,412', '510,547', '647,727,779,946,1008,1084,1184', '13', '14'),
(107, 'segunda', '2018-04-09', '15,161', '17,181', '241,1185', '422,1176,1177', '500,530', '576,740,782,835,923,1153,1178', '13', '14'),
(108, 'segunda', '2018-04-09', '15,161', '17,181', '241,1185', '422,1176,1177', '500,530', '576,740,782,835,923,1153,1178', '13', '14'),
(109, 'segunda', '2018-04-09', '15,161', '17,181', '241,1185', '422,1176,1177', '500,530', '576,740,782,835,923,1153,1178', '13', '14'),
(110, 'segunda', '2018-04-06', '15,161', '17,181', '241,1185', '422,1176,1177', '500,530', '576,740,782,835,923,1153,1178', '13', '14'),
(111, 'segunda', '2018-04-09', '15,161', '17,181', '241,1185', '422,1176,1177', '500,530', '576,740,782,835,923,1153,1178', '13', '14'),
(112, 'terca', '2018-04-10', '15,158', '17,211', '233,1186', '23,1154', '486,547,560', '774,825,1001,1035,1078,1187,1188', '13', '14'),
(113, 'quarta', '2018-04-11', '15,128', '17,185', '241,333', '392,1175,1191', '131,1189', '726,779,923,952,988,996,1192', '13', '14'),
(114, 'quinta', '2018-04-12', '15,1095', '17,192', '260,1157', '460,1156', '486,547,1158', '599,651,769,782,835,959,1089', '13', '14'),
(115, 'sexta', '2018-04-13', '15,69', '17,1193', '241,317', '427,457,1194', '86,1130', '127,718,776,897,940,1030,1049', '13', '14'),
(116, 'sabado', '2018-04-14', '15,139', '17,1195', '241,1196', '52,377,392,467', '115', '576,647,727,791,835,1008,1197', '13', '14'),
(117, 'segunda', '2018-04-16', '15,69', '17,193', '241,268', '353,377,412,427', '511', '78,728,940,1008,1030,1171', '13', '14'),
(118, 'terca', '2018-04-17', '15,161', '17,181', '237,285', '453,457', '486,540,1172', '576,776,792,835,921,939,1089', '13', '14'),
(119, 'terca', '2018-04-17', '15,161', '17,181', '237,285', '453,457', '486,540,1172', '576,776,792,835,921,939,1089', '13', '14'),
(120, 'quarta', '2018-04-18', '15,128', '17,185', '241,317', '23,392,415', '500,539', '597,726,735,774,782,996,1065', '13', '14'),
(121, 'quarta', '2018-04-18', '15,128', '17,185', '241,317', '23,392,415', '500,539', '597,726,735,774,782,996,1065', '13', '14'),
(122, 'quinta', '2018-04-19', '15,169', '17,214', '235,285', '52,354,460', '547,1110', '569,677,782,825,897,951,1198', '13', '14'),
(123, 'sexta', '2018-04-20', '15,1095', '17,33', '241,274', '382,414,426', '485,511', '576,835,923,1035,1079,1084,1096', '13', '14'),
(124, 'sexta', '2018-04-20', '15,1095', '17,33', '241,274', '382,414,426', '485,511', '576,835,923,1035,1079,1084,1096', '13', '14'),
(125, 'segunda', '2018-04-21', '15,161', '17,185', '317,1199', '23,412', '500,510,547', '597,651,726,778,847,1178,1200', '13', '14'),
(126, 'segunda', '2018-04-23', '161,1201', '193,208', '261,1160', '460,1202', '482', '596,778,835,932,1096,1171,1203', '13', '14'),
(127, 'terca', '2018-04-24', '15,149', '181,208', '333,1204', '1205,1206', '502', '597,611,841,940,1171,1207,1208', '13', '14'),
(128, 'terca', '2018-04-24', '15,149', '181,208', '333,1204', '1205,1206', '502', '597,611,841,940,1171,1207,1208', '13', '14'),
(129, 'quarta', '2018-04-25', '15,128', '121,208', '241,1209', '422', '115,1210', '134,576,782,809,1079,1089,1211', '13', '14'),
(130, 'quarta', '2018-04-25', '15,128', '121,208', '241,1209', '422', '115,1210', '134,576,782,809,1079,1089,1211', '13', '14'),
(131, 'quinta', '2018-04-26', '15,161', '208,214', '1199,1212', '460,1213', '511,1104', '53,605,958,1019,1078,1214,1215', '13', '14'),
(132, 'quinta', '2018-04-26', '15,161', '208,214', '1199,1212', '460,1213', '511,1104', '53,605,958,1019,1078,1214,1215', '13', '14'),
(133, 'sexta', '2018-04-27', '15,139', '185,208', '280,1216', '23,392,1217', '1218', '674,804,809,835,1077,1208,1219', '13', '14'),
(134, 'sabado', '2018-04-28', '15,161', '17,214', '1220,1221', '402,467', '510,1222', '53,779,841,896,932,1084,1094', '13', '14'),
(135, 'segunda', '2018-04-30', '15,69', '17,193', '233,241', '377,392', '547', '677,726,782,804,932,996,1094,1098', '13', '14'),
(136, 'terca', '2018-05-01', '15,161', '17,214', '281,1223', '23,356,453', '500', '576,778,835,954,991,1065,1079', '13', '14'),
(137, 'quarta', '2018-05-02', '15,128', '17,185', '240,241', '412,422,452', '511', '78,778,832,940,1070,1086,1224', '13', '14'),
(138, 'quinta', '2018-05-03', '15,69', '17,181', '235,1225', '453,1226', '86,115', '611,726,792,949,1078,1227,1228', '13', '14'),
(139, 'sexta', '2018-05-04', '15,1095', '17,211', '241,1229', '23,382,467', '510', '574,685,706,791,841,1096,1230', '13', '14'),
(140, 'sabado', '2018-05-05', '15,161', '17,214', '264,285', '38,1113', '511,547', '569,726,782,804,940,1077,1231', '13', '14'),
(141, 'segunda', '2018-05-07', '15,69', '17,181', '241,286', '353,377,412,451', '511', '597,940,1008,1035,1169,1170,1171', '13', '14'),
(142, 'terca', '2018-05-08', '15,161', '17,193', '237,320', '453,457', '86,486,545', '576,605,776,792,835,921,939', '13', '14'),
(143, 'quinta', '2018-05-10', '15,169', '17,214', '241,268', '52,354,392,460', '510', '572,677,726,782,847,923,1078', '13', '14'),
(144, 'sexta', '2018-05-11', '15,1095', '17,33', '264,274', '382,414,426', '485,511', '127,576,778,958,1096,1232,1233', '13', '14'),
(145, 'sabado', '2018-05-12', '15,161', '17,211', '281,289', '23,412,467', '547,1189', '597,651,726,835,1184,1234,1235', '13', '14'),
(146, 'segunda', '2018-05-14', '15,161', '17,214', '241,281', '23,356,453', '1104', '117,576,782,1070,1077,1096,1098,1099', '13', '14'),
(147, 'terca', '2018-05-15', '15,69', '17,214', '274,1223', '38,404,422', '500', '569,651,776,782,835,959,1008', '13', '14'),
(148, 'terca', '2018-05-15', '15,69', '17,214', '274,1223', '38,404,422', '500', '569,651,776,782,835,959,1008', '13', '14'),
(149, 'quarta', '2018-05-16', '15,128', '17,181', '241,285', '23,422,1177', '540', '134,574,677,730,782,1089,1094', '13', '14'),
(150, 'quinta', '2018-05-17', '15,169', '17,185', '264,1229', '369,453', '510,547', '597,706,726,782,1086,1230,1237', '13', '14'),
(151, 'sabado', '2018-05-19', '15,161', '17,214', '241,337', '23,453,467', '500', '611,727,782,804,911,940,1096', '13', '14'),
(152, 'segunda', '2018-05-21', '15,161', '17,185', '237,241', '38,392', '500,547', '611,631,782,835,938,1096,1230', '13', '14'),
(153, 'terca', '2018-05-22', '15,169', '17,193', '241,337', '23,369,414,453', '22', '574,605,726,782,804,949,1239', '13', '14'),
(154, 'terca', '2018-05-22', '15,169', '17,193', '241,337', '23,369,414,453', '1240', '574,605,726,782,804,949,1239', '13', '14'),
(155, 'quarta', '2018-05-23', '15,128', '17,181', '274,1241', '52', '115,486,511', '677,791,835,940,995,996,1098', '13', '14'),
(156, 'quinta', '2018-05-24', '15,69', '17,214', '233,241', '360,377,453', '547', '571,706,726,779,951,1096,1231', '13', '14'),
(157, 'sexta', '2018-05-25', '15,161', '17,211', '274,281', '23,452,467', '510', '561,562,672,835,945,1230', '13', '14'),
(158, 'sabado', '2018-05-26', '15,139', '17,185', '241,285', '23,38', '487,547', '576,727,778,897,952,1008,1067', '13', '14'),
(159, 'segunda', '2018-05-28', '15,69', '17,181', '241,285', '353,377,412,451', '511', '597,940,1008,1035,1169,1170,1171', '13', '14'),
(160, 'terca', '2018-05-29', '15,161', '17,193', '237,320', '453,457', '86,486,545', '576,605,776,792,835,921,939', '13', '14'),
(161, 'quarta', '2018-05-30', '15,128', '17,185', '241', '23,415', '500,539,1104', '605,739,782,996,1066,1089,1094', '13', '14'),
(162, 'quarta', '2018-05-30', '15,128', '17,185', '241', '23,415', '500,539,1104', '605,739,782,996,1066,1089,1094', '13', '14'),
(163, 'quarta', '2018-05-30', '15,128', '17,185', '241,1244', '23,415', '500,539,1104', '605,739,782,996,1066,1089,1094', '13', '14');

-- --------------------------------------------------------

--
-- Estrutura para tabela `prato`
--

CREATE TABLE `prato` (
  `id` int(11) NOT NULL,
  `categoria` varchar(30) COLLATE utf8_unicode_ci NOT NULL,
  `nome` varchar(256) COLLATE utf8_unicode_ci NOT NULL,
  `valor` varchar(256) COLLATE utf8_unicode_ci NOT NULL,
  `descricao` text COLLATE utf8_unicode_ci NOT NULL
) ENGINE=MyISAM DEFAULT CHARSET=utf8 COLLATE=utf8_unicode_ci;

--
-- Fazendo dump de dados para tabela `prato`
--

INSERT INTO `prato` (`id`, `categoria`, `nome`, `valor`, `descricao`) VALUES
(2, '6', 'Camarão à delícia', '43,99', '<p style=\"box-sizing: border-box; margin: 0px 0px 1.5em; word-wrap: break-word; font-family: \'Times New\'; font-size: 16px;\">Para 02 (duas) pessoas.</p>\r\n<p style=\"box-sizing: border-box; margin: 0px 0px 1.5em; word-wrap: break-word; font-family: \'Times New\'; font-size: 16px;\">Acompanha arroz e pur&ecirc; de batatas.</p>'),
(78, '6', 'Camarão ao molho de côco', '35,99', '<p><span style=\"font-family: \'Times New\'; font-size: 16px;\">Para 02 (duas) pessoas. </span></p>\r\n<p><span style=\"font-family: \'Times New\'; font-size: 16px;\">Acompanha arroz e pur&ecirc; de batatas.</span></p>'),
(5, '8', 'Água mineral com gás - 500ml', '4', '<p>&Aacute;gua mineral com g&aacute;s - 500ml</p>'),
(6, '8', 'Água mineral sem gás - 500ml', '3', '<p><span style=\"color: #ababab; font-family: \'Droid Sans\', Arial, Verdana, Tahoma, Helvetica, sans-serif; font-size: 12px;\">&Aacute;gua mineral sem g&aacute;s - 500ml</span></p>'),
(7, '7', 'Arroz à Grega', '10', '<p><span style=\"font-family: \'Times New\'; font-size: 16px;\">Arroz &agrave; grega</span></p>'),
(8, '7', 'Arroz Branco', '10', '<p><span style=\"font-family: \'Times New\'; font-size: 16px;\">Arroz branco</span></p>'),
(9, '8', 'Bohemia Long Neek', '5', '<p><span style=\"color: #ababab; font-family: \'Droid Sans\', Arial, Verdana, Tahoma, Helvetica, sans-serif; font-size: 12px;\">Bohemia Long Neek</span></p>'),
(11, '2', 'Camarão à delícia', '17,99', '<p><span style=\"font-family: \'Times New\'; font-size: 16px;\">Acompanha arroz e pur&ecirc;.</span></p>'),
(12, '6', 'Camarão à la grega', '43,99', '<p style=\"box-sizing: border-box; margin: 0px 0px 1.5em; word-wrap: break-word; font-family: \'Times New\'; font-size: 16px;\">Para 02 (duas) pessoas.</p>\r\n<p style=\"box-sizing: border-box; margin: 0px 0px 1.5em; word-wrap: break-word; font-family: \'Times New\'; font-size: 16px;\">Acompanha arroz e pur&ecirc; de batatas.</p>'),
(13, '6', 'Camarão à molho de coco', '36', '<p><span style=\"color: #ababab; font-family: \'Droid Sans\', Arial, Verdana, Tahoma, Helvetica, sans-serif; font-size: 12px; background-color: #f5f5f5;\">Camar&atilde;o &agrave; molho de coco</span></p>'),
(14, '2', 'Camarão à parmegiana', '21,99', '<p><span style=\"font-family: \'Times New\'; font-size: 16px;\">Acompanha arroz e pur&ecirc;.</span></p>'),
(15, '2', 'Camarão ao molho de coco', '17,99', '<p><span style=\"font-family: \'Times New\'; font-size: 16px;\">Acompanha arroz e pur&ecirc;.</span></p>'),
(16, '6', 'Caramão à parmegiana', '35,99', '<p><span style=\"font-family: \'Times New\'; font-size: 16px;\">Para 02 (duas) pessoas.&nbsp; </span></p>\r\n<p><span style=\"font-family: \'Times New\'; font-size: 16px;\">Acompanha arroz &agrave; grega e pur&ecirc; de batatas.</span></p>'),
(17, '2', 'Carne de sol com queijo', '17,99', '<p><span style=\"font-family: \'Times New\'; font-size: 16px;\">Acompanha arroz e fritas.</span></p>'),
(18, '4', 'Carne de sol completa com queijo', '52,99', '<p style=\"box-sizing: border-box; margin: 0px 0px 1.5em; word-wrap: break-word; font-family: \'Times New\'; font-size: 16px;\">Para 02 (duas) pessoas.</p>\r\n<p style=\"box-sizing: border-box; margin: 0px 0px 1.5em; word-wrap: break-word; font-family: \'Times New\'; font-size: 16px;\">Feij&atilde;o verde, macaxeira, arroz, maionese, vinagrete, farofa e queijo de coalho.</p>'),
(19, '4', 'Churrasco misto', '52,99', '<p style=\"box-sizing: border-box; margin: 0px 0px 1.5em; word-wrap: break-word; font-family: \'Times New\'; font-size: 16px;\">Para 02 (duas) pessoas.</p>\r\n<p style=\"box-sizing: border-box; margin: 0px 0px 1.5em; word-wrap: break-word; font-family: \'Times New\'; font-size: 16px;\">Acompanha picanha, carne de sol, frango assado, arroz, lingui&ccedil;a, feij&atilde;o verde, macaxeira, maionese, banana &agrave; milanesa queijo, farofa e vinagrete.</p>'),
(20, '8', 'Coca Zero 290ml', '4,50', '<p><span style=\"color: #ababab; font-family: \'Droid Sans\', Arial, Verdana, Tahoma, Helvetica, sans-serif; font-size: 12px; background-color: #f5f5f5;\">Coca Zero 290ml</span></p>'),
(21, '8', 'Coca Zero 500ml', '6.00', '<p><span style=\"color: #ababab; font-family: \'Droid Sans\', Arial, Verdana, Tahoma, Helvetica, sans-serif; font-size: 12px; background-color: #f5f5f5;\">Coca Zero 500ml</span></p>'),
(22, '8', 'Coca Zero Lata', '5', '<p><span style=\"color: #ababab; font-family: \'Droid Sans\', Arial, Verdana, Tahoma, Helvetica, sans-serif; font-size: 12px; background-color: #f5f5f5;\">Coca Zero Lata</span></p>'),
(23, '8', 'Coca-Cola 290ml', '4,50', '<p><span style=\"color: #ababab; font-family: \'Droid Sans\', Arial, Verdana, Tahoma, Helvetica, sans-serif; font-size: 12px; background-color: #f5f5f5;\">Coca-Cola 290ml</span></p>'),
(24, '8', 'Coca-Cola 500ml', '6', '<p><span style=\"color: #ababab; font-family: \'Droid Sans\', Arial, Verdana, Tahoma, Helvetica, sans-serif; font-size: 12px; background-color: #f5f5f5;\">Coca-Cola 500ml</span></p>'),
(25, '8', 'Coca-Cola Lata', '5', '<p><span style=\"color: #ababab; font-family: \'Droid Sans\', Arial, Verdana, Tahoma, Helvetica, sans-serif; font-size: 12px; background-color: #f5f5f5;\">Coca-Cola Lata</span></p>'),
(79, '8', 'Cerveja Red Rose Ale', '23,90', '<p>Cerveja de Alta fermenta&ccedil;&atilde;o, colora&ccedil;&atilde;o avermelhada, corpo m&eacute;dio, bastante maltada com destaque especial para o blend de maltes. Possui aroma de Toffee e caramelo com baixo amargor e notas florais.</p>'),
(27, '7', 'Espaguete', '10', '<p><span style=\"font-family: \'Times New\'; font-size: 16px;\">Espaguete</span></p>'),
(28, '8', 'Fanta 290ml', '4,50', '<p><span style=\"color: #ababab; font-family: \'Droid Sans\', Arial, Verdana, Tahoma, Helvetica, sans-serif; font-size: 12px; background-color: #f5f5f5;\">Fanta 290ml</span></p>'),
(29, '8', 'Fanta 500ml', '6', '<p><span style=\"color: #ababab; font-family: \'Droid Sans\', Arial, Verdana, Tahoma, Helvetica, sans-serif; font-size: 12px; background-color: #f5f5f5;\">Fanta 500ml</span></p>'),
(30, '8', 'Fanta Lata', '5', '<p><span style=\"color: #ababab; font-family: \'Droid Sans\', Arial, Verdana, Tahoma, Helvetica, sans-serif; font-size: 12px; background-color: #f5f5f5;\">Fanta Lata</span></p>'),
(31, '8', 'Fanta Zero 290ml', '4,50', '<p><span style=\"color: #ababab; font-family: \'Droid Sans\', Arial, Verdana, Tahoma, Helvetica, sans-serif; font-size: 12px; background-color: #f5f5f5;\">Fanta Zero 290ml</span></p>'),
(32, '8', 'Fanta Zero 500ml', '6', '<p><span style=\"color: #ababab; font-family: \'Droid Sans\', Arial, Verdana, Tahoma, Helvetica, sans-serif; font-size: 12px; background-color: #f5f5f5;\">Fanta Zero 500ml</span></p>'),
(33, '8', 'Fanta Zero Lata', '5', '<p><span style=\"color: #ababab; font-family: \'Droid Sans\', Arial, Verdana, Tahoma, Helvetica, sans-serif; font-size: 12px; background-color: #f5f5f5;\">Fanta Zero Lata</span></p>'),
(34, '7', 'Feijão Verde', '10', '<p><span style=\"font-family: \'Times New\'; font-size: 16px;\">Feij&atilde;o verde</span></p>'),
(35, '3', 'File de frango à cordon blue', '29,99', '<p style=\"box-sizing: border-box; margin: 0px 0px 1.5em; word-wrap: break-word; font-family: \'Times New\'; font-size: 16px;\">Para 02 (duas) pessoas.</p>\r\n<p style=\"box-sizing: border-box; margin: 0px 0px 1.5em; word-wrap: break-word; font-family: \'Times New\'; font-size: 16px;\">Acompanha frango recheado com queijo e presunto, acompanhado de arroz, fritas e banana &agrave; milanesa.</p>'),
(36, '3', 'File de frango à parmegiana', '25,99', '<p style=\"box-sizing: border-box; margin: 0px 0px 1.5em; word-wrap: break-word; font-family: \'Times New\'; font-size: 16px;\">Para 02 (duas) pessoas.&nbsp;</p>\r\n<p style=\"box-sizing: border-box; margin: 0px 0px 1.5em; word-wrap: break-word; font-family: \'Times New\'; font-size: 16px;\">Acompanha espaguete e pur&ecirc; de batatas.</p>'),
(37, '2', 'Filé de frango à parmegiana', '12,99', '<p><span style=\"font-family: \'Times New\'; font-size: 16px;\">Acompanha espaguete e pur&ecirc; de batatas.</span></p>'),
(38, '6', 'Filé de peixe grelhado', '49,99', '<p style=\"box-sizing: border-box; margin: 0px 0px 1.5em; word-wrap: break-word; font-family: \'Times New\'; font-size: 16px;\">Para 02 (duas) pessoas.</p>\r\n<p style=\"box-sizing: border-box; margin: 0px 0px 1.5em; word-wrap: break-word; font-family: \'Times New\'; font-size: 16px;\">Acompanha arroz, salada e fritas.</p>'),
(39, '2', 'Filé mignon à parmegiana', '17,99', '<p><span style=\"font-family: \'Times New\'; font-size: 16px;\">Acompanha arroz e fritas.</span></p>'),
(40, '4', 'Filé Mignon ', '35,99', '<p><span style=\"font-family: \'Times New\'; font-size: 16px;\">Para 2 pessoas</span></p>\r\n<p><span style=\"font-family: \'Times New\'; font-size: 16px;\">Acompanha arroz e fritas.</span></p>'),
(41, '2', 'Filé Mignon ao molho madeira', '16', '<p><span style=\"color: #ababab; font-family: \'Droid Sans\', Arial, Verdana, Tahoma, Helvetica, sans-serif; font-size: 12px; background-color: #f5f5f5;\">Fil&eacute; Mignon ao molho madeira</span></p>'),
(42, '3', 'Frango desossado à Paraíba Grill', '29,99', '<p style=\"box-sizing: border-box; margin: 0px 0px 1.5em; word-wrap: break-word; font-family: \'Times New\'; font-size: 16px;\">Para 02 (duas) pessoas.</p>\r\n<p style=\"box-sizing: border-box; margin: 0px 0px 1.5em; word-wrap: break-word; font-family: \'Times New\'; font-size: 16px;\">Acompanha frango desossado grelhado na chapa, com molho madeira, arroz &agrave; grega e batata frita.</p>'),
(43, '3', 'Frango desossado na chapa', '29,99', '<p style=\"box-sizing: border-box; margin: 0px 0px 1.5em; word-wrap: break-word; font-family: \'Times New\'; font-size: 16px;\">Para 02 (duas) pessoas.</p>\r\n<p style=\"box-sizing: border-box; margin: 0px 0px 1.5em; word-wrap: break-word; font-family: \'Times New\'; font-size: 16px;\">Acompanha arroz, batata frita e banana &agrave; milanesa.</p>'),
(44, '7', 'Fritas', '10', '<p><span style=\"font-family: \'Times New\'; font-size: 16px;\">Fritas</span></p>'),
(45, '8', 'Guaraná Antártica 290ml', '4,50', '<p><span style=\"color: #ababab; font-family: \'Droid Sans\', Arial, Verdana, Tahoma, Helvetica, sans-serif; font-size: 12px; background-color: #f5f5f5;\">Guaran&aacute; Ant&aacute;rtica 290ml</span></p>'),
(46, '8', 'Guaraná Antártica 500ml', '6', '<p><span style=\"color: #ababab; font-family: \'Droid Sans\', Arial, Verdana, Tahoma, Helvetica, sans-serif; font-size: 12px;\">Guaran&aacute; Ant&aacute;rtica 500ml</span></p>'),
(47, '8', 'Guaraná Antártica Lata', '5', '<p><span style=\"color: #ababab; font-family: \'Droid Sans\', Arial, Verdana, Tahoma, Helvetica, sans-serif; font-size: 12px; background-color: #f5f5f5;\">Guaran&aacute; Ant&aacute;rtica Lata</span></p>'),
(48, '8', 'Guaraná Zero 290ml', '4,50', '<p><span style=\"color: #ababab; font-family: \'Droid Sans\', Arial, Verdana, Tahoma, Helvetica, sans-serif; font-size: 12px;\">Guaran&aacute; Zero 290ml</span></p>'),
(49, '8', 'Guaraná Zero 500ml', '6', '<p><span style=\"color: #ababab; font-family: \'Droid Sans\', Arial, Verdana, Tahoma, Helvetica, sans-serif; font-size: 12px; background-color: #f5f5f5;\">Guaran&aacute; Zero 500ml</span></p>'),
(50, '8', 'Guaraná Zero Lata', '5', '<p><span style=\"color: #ababab; font-family: \'Droid Sans\', Arial, Verdana, Tahoma, Helvetica, sans-serif; font-size: 12px; background-color: #f5f5f5;\">Guaran&aacute; Zero Lata</span></p>'),
(51, '7', 'Macaxeira Cozida', '10', '<p><span style=\"font-family: \'Times New\'; font-size: 16px;\">Macaxeira cozida</span></p>'),
(52, '7', 'Macaxeira Frita', '10', '<p><span style=\"font-family: \'Times New\'; font-size: 16px;\">Macaxeira frita</span></p>'),
(80, '8', 'Cerveja Memminger', '22,00', '<p>A excelente mat&eacute;ria prima utilizada e a &aacute;gua de qualidade superior vinda diretamente dos Alpes (sua origem espec&iacute;fica &eacute; o lago Vilsalp que fica na &Aacute;ustria).</p>'),
(54, '9', 'Mousse de Limão', '5', '<p><span style=\"font-family: \'Times New\'; font-size: 16px;\">100g (medida caseira)</span></p>'),
(81, '8', 'Cerveja Zlata Praha', '18,90', '<p>Bem equilibrada, o sabor suave da Zlat&aacute; Praha Lager Premium oferece o prazer da cerveja tcheca genu&iacute;na. 4,7% ABV.</p>'),
(57, '5', 'Parmegiana mix', '52,99', '<p style=\"box-sizing: border-box; margin: 0px 0px 1.5em; word-wrap: break-word; font-family: \'Times New\'; font-size: 16px;\">Para 02 (duas) pessoas.&nbsp;</p>\r\n<p style=\"box-sizing: border-box; margin: 0px 0px 1.5em; word-wrap: break-word; font-family: \'Times New\'; font-size: 16px;\">Acompanha frango, fil&eacute; mignon e camar&atilde;o, arroz e pur&ecirc;.</p>'),
(59, '6', 'Peixada à brasileira', '51,99', '<p style=\"box-sizing: border-box; margin: 0px 0px 1.5em; word-wrap: break-word; font-family: \'Times New\'; font-size: 16px;\">Para 02 (duas) pessoas.</p>\r\n<p style=\"box-sizing: border-box; margin: 0px 0px 1.5em; word-wrap: break-word; font-family: \'Times New\'; font-size: 16px;\">Acompanha arroz, legumes e pir&atilde;o.</p>'),
(60, '6', 'Peixe Frito em Posta', '52,99', '<p style=\"box-sizing: border-box; margin: 0px 0px 1.5em; word-wrap: break-word; font-family: \'Times New\'; font-size: 16px;\">Para 02 (duas) pessoas.</p>\r\n<p style=\"box-sizing: border-box; margin: 0px 0px 1.5em; word-wrap: break-word; font-family: \'Times New\'; font-size: 16px;\">Acompanha arroz e fritas.</p>'),
(61, '4', 'Picanha argentina completa', '65', '<p><span style=\"font-family: \'Times New\'; font-size: 16px;\">Para 02 (duas) pessoas. </span></p>\r\n<p><span style=\"font-family: \'Times New\'; font-size: 16px;\">Acompanha feij&atilde;o verde, macaxeira, arroz, maionese, vinagrete e farofa.</span></p>'),
(62, '2', 'Picanha grelhada', '18,99', '<p><span style=\"font-family: \'Times New\'; font-size: 16px;\">Acompanha arroz e fritas.</span></p>'),
(63, '9', 'Pudim', '5', '<p><span style=\"font-family: \'Times New\'; font-size: 16px;\">100g (medida caseira)</span></p>'),
(64, '7', 'Purê de batatas', '10', '<p><span style=\"font-family: \'Times New\'; font-size: 16px;\">Pur&ecirc; de batatas</span></p>'),
(77, '6', 'Camarão à Parmegiana', '43,99', '<p style=\"box-sizing: border-box; margin: 0px 0px 1.5em; word-wrap: break-word; font-family: \'Times New\'; font-size: 16px;\">Para 02 (duas) pessoas.</p>\r\n<p style=\"box-sizing: border-box; margin: 0px 0px 1.5em; word-wrap: break-word; font-family: \'Times New\'; font-size: 16px;\">Acompanha arroz e pur&ecirc; de batatas.</p>'),
(65, '8', 'Skol Lata ou Long Neek', '4,50', '<p><span style=\"color: #ababab; font-family: \'Droid Sans\', Arial, Verdana, Tahoma, Helvetica, sans-serif; font-size: 12px; background-color: #f5f5f5;\">Skol Lata ou Long Neek</span></p>'),
(66, '8', 'Soda Limonada 290ml', '4,50', '<p><span style=\"color: #ababab; font-family: \'Droid Sans\', Arial, Verdana, Tahoma, Helvetica, sans-serif; font-size: 12px; background-color: #f5f5f5;\">Soda Limonada 290ml</span></p>'),
(67, '8', 'Soda Limonada 500ml', '6', '<p><span style=\"color: #ababab; font-family: \'Droid Sans\', Arial, Verdana, Tahoma, Helvetica, sans-serif; font-size: 12px; background-color: #f5f5f5;\">Soda Limonada 500ml</span></p>'),
(68, '8', 'Soda Limonada Lata', '5', '<p><span style=\"color: #ababab; font-family: \'Droid Sans\', Arial, Verdana, Tahoma, Helvetica, sans-serif; font-size: 12px; background-color: #f5f5f5;\">Soda Limonada Lata</span></p>'),
(69, '8', 'Sprite 290ml', '4,50', '<p><span style=\"color: #ababab; font-family: \'Droid Sans\', Arial, Verdana, Tahoma, Helvetica, sans-serif; font-size: 12px; background-color: #f5f5f5;\">Sprite 290ml</span></p>'),
(70, '8', 'Sprite 500ml', '6', '<p><span style=\"color: #ababab; font-family: \'Droid Sans\', Arial, Verdana, Tahoma, Helvetica, sans-serif; font-size: 12px; background-color: #f5f5f5;\">Sprite 500ml</span></p>'),
(71, '8', 'Sprite Lata', '5', '<p><span style=\"color: #ababab; font-family: \'Droid Sans\', Arial, Verdana, Tahoma, Helvetica, sans-serif; font-size: 12px; background-color: #f5f5f5;\">Sprite Lata</span></p>'),
(72, '8', 'Stela Artois Long Neek', '5', '<p><span style=\"color: #ababab; font-family: \'Droid Sans\', Arial, Verdana, Tahoma, Helvetica, sans-serif; font-size: 12px; background-color: #f5f5f5;\">Stela Artois Long Neekv</span></p>'),
(76, '7', 'Batata frita', '13,99', '<p><span style=\"font-family: \'Times New\'; font-size: 16px;\">Batata frita</span></p>');

-- --------------------------------------------------------

--
-- Estrutura para tabela `refeicao`
--

CREATE TABLE `refeicao` (
  `id` int(11) NOT NULL,
  `nome_refeicao` varchar(256) COLLATE utf8_unicode_ci NOT NULL,
  `tipo` varchar(30) COLLATE utf8_unicode_ci NOT NULL
) ENGINE=MyISAM DEFAULT CHARSET=utf8 COLLATE=utf8_unicode_ci;

--
-- Fazendo dump de dados para tabela `refeicao`
--

INSERT INTO `refeicao` (`id`, `nome_refeicao`, `tipo`) VALUES
(162, 'Feijão sempre verde (arrumadinho)', 'feijao'),
(21, 'Farofa de cuscuz', 'acompanhamento'),
(16, 'Feijão na farofa', 'feijao'),
(28, 'Iscas de carne acebolada', 'carne'),
(20, 'Penne com carne moída e milho verde', 'macarrao'),
(13, 'Bebidas', 'bebida'),
(14, 'Sobremesas', 'sobremesa'),
(15, 'Feijão Carioca', 'feijao'),
(17, 'Arroz branco', 'arroz'),
(18, 'Arroz integral', 'arroz'),
(19, 'Arroz colorido', 'arroz'),
(22, 'Batata doce', 'acompanhamento'),
(23, 'Vinagrete', 'salada'),
(24, 'Salada jardineira com ovos', 'salada'),
(25, 'Batata ao creme', 'acompanhamento'),
(26, 'Folhas verdes', 'salada'),
(27, 'Frango ao azeite com ervas', 'carne'),
(29, 'Frango suíço', 'carne'),
(30, 'Mamão', 'acompanhamento'),
(31, 'Melão', 'acompanhamento'),
(32, 'Feijão na farofa com ovos', 'feijao'),
(33, 'Arroz com bacon', 'arroz'),
(34, 'Espaguete com carne moída', 'macarrao'),
(35, 'Farofa de cebola', 'acompanhamento'),
(36, 'Pastel Romeu e Julieta', 'acompanhamento'),
(37, 'Salada de batata doce', 'salada'),
(38, 'Salada tropical', 'salada'),
(39, 'Suflê de legumes', 'acompanhamento'),
(40, 'Frango xadrez', 'carne'),
(41, 'Carne de sol na chapa', 'carne'),
(42, 'Peixe assado', 'carne'),
(43, 'Melancia', 'acompanhamento'),
(44, 'Abacaxi', 'acompanhamento'),
(45, 'Feijão na farofa à vinagrete', 'feijao'),
(46, 'Arroz com passas', 'arroz'),
(47, 'Ninho com frango desfiados', 'macarrao'),
(48, 'Farofa matuta', 'acompanhamento'),
(49, 'Bolinho de queijo', 'acompanhamento'),
(50, 'Salpicado', 'acompanhamento'),
(51, 'Salada Caesar', 'salada'),
(52, 'Salada primavera', 'salada'),
(53, 'Frango grelhado', 'carne'),
(54, 'Bife à rolê', 'carne'),
(55, 'Kibe', 'carne'),
(56, 'Manga', 'acompanhamento'),
(57, 'Feijão na farofa de cuscuz', 'feijao'),
(58, 'Arroz com brócolis', 'arroz'),
(59, 'Espaguete com salsicha', 'macarrao'),
(60, 'Farofa de beterraba', 'acompanhamento'),
(61, 'Batata Cheeps', 'acompanhamento'),
(62, 'Beterraba com cenoura e milho verde', 'salada'),
(63, 'Maionese com maçã', 'acompanhamento'),
(64, 'Salada de abobrinha', 'salada'),
(65, 'Frango gratinado', 'carne'),
(66, 'Carne ao molho com legumes', 'carne'),
(67, 'Croquete de frango', 'carne'),
(69, 'Feijão tropeiro', 'feijao'),
(70, 'Arroz com carne', 'arroz'),
(71, 'Macarrão à vinagrete', 'macarrao'),
(72, 'Farofa de cenoura', 'acompanhamento'),
(73, 'Nhoque ao molho italiano', 'macarrao'),
(74, 'Salada de acelga', 'salada'),
(75, 'Legumes ao azeite', 'salada'),
(76, 'Rúcula com espinafre e linhaça', 'salada'),
(77, 'Frango ao forno', 'carne'),
(78, 'Bife à cavalo', 'carne'),
(79, 'Bolinho de peixe', 'carne'),
(161, 'Feijão preto', 'feijao'),
(138, 'Arrumadinho', 'feijao'),
(83, 'Arroz com salsicha', 'arroz'),
(84, 'Espaguete com legumes', 'macarrao'),
(85, 'Farofa de cuscuz com verdura', 'acompanhamento'),
(86, 'Purê de batata', 'acompanhamento'),
(87, 'Salada de repolho', 'salada'),
(88, 'Jerimum refogado', 'acompanhamento'),
(89, 'Legumes à portuguesa', 'salada'),
(90, 'Frango ao azeite', 'carne'),
(91, 'Bife de panela', 'carne'),
(92, 'Linguiça à francesa', 'carne'),
(93, 'Frango à passarinha', 'carne'),
(94, 'Espaguete com frango', 'macarrao'),
(95, 'Farofa de banana', 'acompanhamento'),
(96, 'Macaxeira temperada no caldo', 'acompanhamento'),
(97, 'Legumes na maionese', 'salada'),
(98, 'Frango em cubos com bacon', 'carne'),
(99, 'Iscas de carne com legumes', 'carne'),
(100, 'Peixe à dorê', 'carne'),
(101, 'Feijão macassar na manteiga', 'feijao'),
(102, 'Arroz com lentilhas', 'arroz'),
(103, 'Espaguete com soja', 'macarrao'),
(104, 'Farofa com passas', 'acompanhamento'),
(105, 'Purê de macaxeira', 'acompanhamento'),
(106, 'Salada russa', 'salada'),
(107, 'Berinjela à milanesa', 'acompanhamento'),
(108, 'Legumes com vagem', 'salada'),
(109, 'frango à delícia', 'carne'),
(110, 'Omelete de forno', 'carne'),
(111, 'Creme de frango', 'carne'),
(112, 'Arroz com milho e ervilha', 'arroz'),
(113, 'Espaguete ao alho', 'macarrao'),
(114, 'Purê de abóbora', 'acompanhamento'),
(115, 'Macaxeira frita', 'acompanhamento'),
(116, 'Legumes à francesa', 'salada'),
(117, 'Filé de frango grelhado', 'carne'),
(118, 'Carne na cerveja', 'carne'),
(119, 'Peixe ao molho branco', 'carne'),
(120, 'Panqueca de carne', 'carne'),
(121, 'Arroz com frango', 'arroz'),
(122, 'Ninho à carbonara', 'macarrao'),
(123, 'Salada crocante', 'salada'),
(124, 'Beterraba ao azeite', 'salada'),
(125, 'Frango à indiana', 'carne'),
(126, 'Carne ao molho madeira', 'carne'),
(127, 'Almôndegas ao sugo', 'carne'),
(128, 'Rubacão', 'feijao'),
(129, 'Arroz com calabresa', 'arroz'),
(130, 'Parafuso com carne moída', 'macarrao'),
(131, 'Farofa carioca', 'acompanhamento'),
(132, 'Escondidinho de macaxeira', 'acompanhamento'),
(133, 'Couve à mineira', 'salada'),
(134, 'Frango ao molho', 'carne'),
(135, 'Charqueado', 'carne'),
(136, 'Frango com ervas', 'carne'),
(137, 'Linguiça de frango', 'carne'),
(139, 'Fava', 'feijao'),
(140, 'Feijão carreteiro', 'feijao'),
(141, 'Feijão com farofa', 'feijao'),
(142, 'Feijão com farofa de calabresa e charque', 'feijao'),
(143, 'Feijão com farofa de cuscuz com calabresa', 'feijao'),
(144, 'Feijão com farofa, bacon e calabresa', 'feijao'),
(149, 'Feijão macassar com farofa', 'feijao'),
(146, 'Feijão macassar (charque,tomate,cebola)', 'feijao'),
(147, 'Feijão macassar c/ farofa e bacon', 'feijao'),
(148, 'Feijão macassar', 'arroz'),
(150, 'Feijão macassar com farofa com ovos', 'feijao'),
(151, 'Feijão macassar com farofa de charque', 'feijao'),
(152, 'Feijão macassar com farofa de cuscuz', 'feijao'),
(153, 'Feijão macassar com farofa de cuscuz e charque', 'feijao'),
(154, 'Feijão macassar com farofa de cuscuz, calabresa e ovos', 'feijao'),
(156, 'Feijão macassar com farofa de ovos e cebolinha', 'feijao'),
(157, 'Feijão macassar com farofa especial', 'feijao'),
(158, 'Feijão macassar com farofa, bacon e calabresa', 'feijao'),
(159, 'Feijão macassar no caldo', 'feijao'),
(160, 'Feijão macassar refogado', 'feijao'),
(163, 'Feijão sempre verde', 'feijao'),
(164, 'Feijão sempre verde com charque e ovos', 'feijao'),
(165, 'Feijão sempre verde com farofa', 'feijao'),
(166, 'Feijão sempre verde com farofa com calabresa', 'feijao'),
(167, 'Feijão sempre verde com farofa com charque e bacon', 'feijao'),
(168, 'Feijão sempre verde com farofa com ovos', 'feijao'),
(169, 'Feijão sempre verde com farofa de cuscuz', 'feijao'),
(170, 'Feijão sempre verde com farofa de cuscuz, calabresa', 'feijao'),
(171, 'Feijão sempre verde com farofa e bacon', 'feijao'),
(172, 'Feijão sempre verde com farofa especial', 'feijao'),
(173, 'Feijão sempre verde com farofa, bacon e calabresa', 'feijao'),
(174, 'Feijão sempre verde com ovos', 'feijao'),
(175, 'Feijão sempre verde tropeiro', 'feijao'),
(176, 'Feijão verde ou sempre verde', 'feijao'),
(177, 'Feijão verde tropeiro', 'feijao'),
(178, 'Feijão verde tropeiro (charque, farofa, verdura)', 'feijao'),
(179, 'Rubacão com nata', 'feijao'),
(180, 'Arroz com ovos, bacon e ervilha', 'arroz'),
(181, 'Arroz a grega', 'arroz'),
(182, 'Arroz à primavera', 'arroz'),
(183, 'Arroz a primavera (com legumes refogado)', 'arroz'),
(184, 'Arroz birô biro', 'arroz'),
(185, 'Arroz carreteiro', 'arroz'),
(186, 'Arroz carreteiro com charque', 'arroz'),
(187, 'Arroz carreteiro com charque e calabresa', 'arroz'),
(188, 'Arroz com bacon e brócolis', 'arroz'),
(189, 'Arroz com birô biro, ovos e bacon', 'arroz'),
(190, 'Arroz com cebolinha e bacon', 'arroz'),
(191, 'Arroz com cebolinha, bacon e calabresa', 'arroz'),
(192, 'Arroz com cebolinha, bacon e ovos', 'arroz'),
(193, 'Arroz com cenoura', 'arroz'),
(194, 'Arroz com cenoura e ovos', 'arroz'),
(195, 'Arroz com cenoura e vargem', 'arroz'),
(196, 'Arroz com cenoura refogado na manteiga', 'arroz'),
(197, 'Arroz com cenoura, cebolinha e ovos', 'arroz'),
(198, 'Arroz com frango', 'arroz'),
(199, 'Arroz com ovos', 'arroz'),
(200, 'Arroz com ovos e bacon', 'arroz'),
(201, 'Arroz com ovos e cebolinha', 'arroz'),
(202, 'Arroz com ovos, bacon e ervilha', 'arroz'),
(203, 'Arroz com refogado com cenoura', 'arroz'),
(204, 'Arroz cremoso', 'arroz'),
(205, 'Arroz de frango ao forno', 'arroz'),
(206, 'Arroz de leite', 'arroz'),
(207, 'Arroz integral com cenoura', 'arroz'),
(208, 'Arroz refogado', 'arroz'),
(209, 'Risoto com cebolinha, bacon e calabresa', 'arroz'),
(210, 'Risoto de carde de sol', 'arroz'),
(211, 'Risoto de carne', 'arroz'),
(212, 'Risoto de carne com cenoura', 'arroz'),
(213, 'Risoto de carne com cenoura e brócolis', 'arroz'),
(214, 'Risoto de frango', 'arroz'),
(215, 'Risoto de frango com milho', 'arroz'),
(216, 'Espaguete ao molho branco', 'macarrao'),
(217, 'Espaguete ao molho com salsicha', 'macarrao'),
(218, 'Espaguete ao molho da casa', 'macarrao'),
(219, 'Espaguete ao molho na manteiga', 'macarrao'),
(220, 'Espaguete ao molho verde (brócolis e espinafre)', 'macarrao'),
(221, 'Espaguete com ervas', 'macarrao'),
(222, 'Espaguete com ervilha e presunto', 'macarrao'),
(223, 'Espaguete matuto (carne de sol, q.coalho, nata e requeijão)', 'macarrao'),
(224, 'Lasanha', 'carne'),
(722, 'Filé de frango a Candomblé', 'carne'),
(225, 'Lasanha de frango', 'carne'),
(226, 'Macarrão ao molho', 'macarrao'),
(227, 'Macarrão ao molho', 'macarrao'),
(228, 'Macarrão ao molho de ervas', 'macarrao'),
(229, 'Macarrão chinês', 'macarrao'),
(230, 'Macarrão de massa caseira ao molho', 'macarrao'),
(231, 'Macarrão de massa caseira ao molho de frango', 'macarrao'),
(232, 'Macarrão espaguete', 'macarrao'),
(233, 'Macarrão espaguete à bolonhesa', 'macarrao'),
(234, 'Macarrão espaguete à bolonhesa com queijo ralado', 'macarrao'),
(235, 'Macarrão espaguete a carbonara', 'macarrao'),
(236, 'Macarrão espaguete à delícia', 'macarrao'),
(237, 'Macarrão espaguete à jardineira', 'macarrao'),
(238, 'Macarrão espaguete à moda', 'macarrao'),
(239, 'Macarrão espaguete à primavera', 'macarrao'),
(240, 'Macarrão espaguete à romanesca', 'macarrao'),
(241, 'Macarrão espaguete ao alho e óleo', 'macarrao'),
(242, 'Macarrão espaguete ao chopsuey', 'macarrao'),
(243, 'Macarrão espaguete ao forno com carne e molho', 'macarrao'),
(244, 'Macarrão espaguete ao molho', 'macarrao'),
(245, 'Macarrão espaguete ao molho branco', 'macarrao'),
(246, 'Macarrão espaguete ao molho branco com frango', 'macarrao'),
(247, 'Macarrão espaguete ao molho branco com milho, ervilha e presunto', 'macarrao'),
(248, 'Macarrão espaguete ao molho branco com presunto', 'macarrao'),
(249, 'Macarrão espaguete ao molho branco com queijo', 'macarrao'),
(250, 'Macarrão espaguete ao molho com calabresa', 'macarrao'),
(251, 'Macarrão espaguete ao molho com carne moída', 'macarrao'),
(252, 'Macarrão espaguete ao molho com frango', 'macarrao'),
(253, 'Macarrão espaguete ao molho com frango e milho', 'macarrao'),
(254, 'Macarrão espaguete ao molho com manjericão', 'macarrao'),
(255, 'Macarrão espaguete ao molho com presunto, milho e ervilha', 'macarrao'),
(256, 'Macarrão espaguete ao molho com salsicha', 'macarrao'),
(257, 'Macarrão espaguete ao molho com salsicha ao sugo', 'macarrao'),
(258, 'Macarrão espaguete ao molho com salsicha e milho', 'macarrao'),
(259, 'Macarrão espaguete ao molho de calabresa', 'macarrao'),
(260, 'Macarrão espaguete ao molho de tomate', 'macarrao'),
(261, 'Macarrão espaguete ao molho de tomate com manjericão', 'macarrao'),
(262, 'Macarrão espaguete ao molho de tomate com milho e ervilha', 'macarrao'),
(263, 'Macarrão espaguete ao napolitano', 'macarrao'),
(264, 'Macarrão espaguete ao sugo', 'macarrao'),
(265, 'Macarrão espaguete com bacon', 'macarrao'),
(266, 'Macarrão espaguete com bacon e calabresa', 'macarrao'),
(267, 'Macarrão espaguete com bacon e cebolinha', 'macarrao'),
(268, 'Macarrão espaguete com calabresa', 'macarrao'),
(269, 'Macarrão espaguete com carne', 'macarrao'),
(270, 'Macarrão espaguete com carne e milho', 'macarrao'),
(271, 'Macarrão espaguete com carne moída', 'macarrao'),
(272, 'Macarrão espaguete com carne moída e milho', 'macarrao'),
(273, 'Macarrão espaguete com ervilha e presunto ao molho branco', 'macarrao'),
(274, 'Macarrão espaguete com frango', 'macarrao'),
(275, 'Macarrão espaguete com frango (ervilha/milho verde)', 'macarrao'),
(276, 'Macarrão espaguete com frango a jardineira', 'macarrao'),
(277, 'Macarrão espaguete com frango e milho', 'macarrao'),
(278, 'Macarrão espaguete com manjericão', 'macarrao'),
(279, 'Macarrão espaguete com milho e ervilha', 'macarrao'),
(280, 'Macarrão espaguete com presunto e ervilha', 'macarrao'),
(281, 'Macarrão espaguete com salsicha', 'macarrao'),
(282, 'Macarrão espaguete com salsicha ao molho de tomate', 'macarrao'),
(283, 'Macarrão espaguete com salsicha e milho', 'macarrao'),
(284, 'Macarrão parafuso', 'macarrao'),
(285, 'Macarrão parafuso à bolonhesa', 'macarrao'),
(286, 'Macarrão parafuso a bolonhesa', 'macarrao'),
(287, 'Macarrão parafuso à napolitana', 'macarrao'),
(288, 'Macarrão parafuso ao alho e óleo', 'macarrao'),
(289, 'Macarrão parafuso ao molho', 'macarrao'),
(290, 'Macarrão parafuso ao molho branco', 'macarrao'),
(291, 'Macarrão parafuso ao molho branco com presunto', 'macarrao'),
(292, 'Macarrão parafuso ao molho branco com queijo', 'macarrao'),
(293, 'Macarrão parafuso ao molho branco com queijo ralado', 'macarrao'),
(294, 'Macarrão parafuso ao molho com carne moída', 'macarrao'),
(295, 'Macarrão parafuso com bacon e calabresa', 'macarrao'),
(296, 'Macarrão parafuso com calabresa', 'macarrao'),
(297, 'Macarrão parafuso com carne moída', 'macarrao'),
(298, 'Macarrão parafuso com carne moída e queijo ralado', 'macarrao'),
(299, 'Macarrão parafuso com frango', 'macarrao'),
(300, 'Macarrão parafuso com frango e milho', 'macarrao'),
(301, 'Macarrão parafuso com frango, milho e ervilha', 'macarrao'),
(302, 'Macarrão parafuso com frango, milho, ervilha e queijo', 'macarrao'),
(303, 'Macarrão parafuso com salsicha', 'macarrao'),
(304, 'Macarrão parafuso com salsicha e milho', 'macarrao'),
(305, 'Macarrão penne a bolonhesa', 'macarrao'),
(306, 'Macarrão penne ao alho e óleo', 'macarrao'),
(307, 'Macarrão penne ao molho', 'macarrao'),
(308, 'Macarrão penne ao molho branco', 'macarrao'),
(309, 'Macarrão penne ao molho branco com presunto e ervilha', 'macarrao'),
(310, 'Macarrão penne ao molho com frango', 'macarrao'),
(311, 'Macarrão penne ao molho da casa', 'macarrao'),
(312, 'Macarrão penne ao sugo', 'macarrao'),
(313, 'Macarrão penne com calabresa', 'macarrao'),
(314, 'Macarrão penne com carne moída', 'macarrao'),
(315, 'Macarrão penne com carne moída ao sugo', 'macarrao'),
(316, 'Macarrão penne com frango e milho', 'macarrao'),
(317, 'Macarrão talharim à bolonhesa', 'macarrao'),
(318, 'Macarrão talharim à jardineira', 'macarrao'),
(319, 'Macarrão talharim à parisiense', 'macarrao'),
(320, 'Macarrão talharim alho e óleo', 'macarrao'),
(321, 'Macarrão talharim ao molho', 'macarrao'),
(322, 'Macarrão talharim ao molho branco', 'macarrao'),
(323, 'Macarrão talharim ao molho com carne moída', 'macarrao'),
(324, 'Macarrão talharim ao molho com frango', 'macarrao'),
(325, 'Macarrão talharim ao molho de tomate', 'macarrao'),
(326, 'Macarrão talharim ao molho sugo', 'macarrao'),
(327, 'Macarrão talharim ao sugo', 'macarrao'),
(328, 'Macarrão talharim com carne moída', 'macarrao'),
(329, 'Macarrão talharim com carne moída, milho e ervilha', 'macarrao'),
(330, 'Macarrão talharim com frango', 'macarrao'),
(331, 'Macarrão talharim com frango e milho', 'macarrao'),
(332, 'Macarrão talharim com salsicha', 'macarrao'),
(333, 'Macarronada', 'macarrao'),
(334, 'Macarronada a bolonhesa', 'macarrao'),
(335, 'Macarronada de carne', 'macarrao'),
(336, 'Macarronada de frango', 'macarrao'),
(337, 'Massa caseira à bolonhesa', 'macarrao'),
(338, 'Massa caseira ao molho especial', 'macarrao'),
(339, 'Massa caseira ao sugo', 'macarrao'),
(340, 'Massa caseira com calabresa', 'macarrao'),
(341, 'Nhoque a bolonhesa', 'macarrao'),
(342, 'Nhoque ao sugo', 'macarrao'),
(343, 'Parafuso a delícia', 'macarrao'),
(344, 'Parafuso a delícia', 'macarrao'),
(345, 'Parafuso com ervas', 'macarrao'),
(346, 'Penne com calabresa', 'macarrao'),
(347, 'Penne com calabresa ao molho da casa', 'macarrao'),
(348, 'Penne com calabresa ao molho da casa', 'macarrao'),
(349, 'Talharim ao molho com ervas', 'macarrao'),
(350, 'Tarantony à bolonhesa', 'macarrao'),
(351, 'Yakisoba', 'macarrao'),
(352, 'Yakisoba (carne, frango, camarão)', 'macarrao'),
(353, 'Acelga', 'salada'),
(354, 'Acelga com abacaxi', 'salada'),
(355, 'Acelga com abacaxi e manga', 'salada'),
(356, 'Acelga com abacaxi e passas', 'salada'),
(357, 'Acelga com abacaxi, melão em cubos e passas', 'salada'),
(358, 'Acelga com cenoura ralada, abacaxi e passas', 'salada'),
(359, 'Acelga com frutas', 'salada'),
(360, 'Acelga com frutas e passas', 'salada'),
(361, 'Acelga com manga, abacaxi e passas', 'salada'),
(362, 'Acelga com melão e abacaxi', 'salada'),
(363, 'Acelga com melão, abacaxi e cenoura', 'salada'),
(364, 'Acelga tropical (manga, goiaba, abacaxi, passas)', 'salada'),
(365, 'Alface', 'salada'),
(366, 'Alface com abacaxi', 'salada'),
(367, 'Alface e tomate', 'salada'),
(368, 'Beterraba cozida', 'salada'),
(369, 'Beterraba cozida', 'salada'),
(370, 'Beterraba cozida ao azeite', 'salada'),
(371, 'Beterraba cozida ao vinagrete', 'salada'),
(372, 'Beterraba em cubos ao azeite', 'salada'),
(373, 'Beterraba ralada', 'salada'),
(374, 'Beterraba ralada ao azeite', 'salada'),
(375, 'Beterraba ralada ao vinagre', 'salada'),
(376, 'Cenoura e beterraba ao azeite', 'salada'),
(377, 'Cenoura e beterraba raladas', 'salada'),
(378, 'Cenoura e beterraba raladas ao azeite', 'salada'),
(379, 'Cenoura ralada', 'salada'),
(380, 'Cenoura ralada ao azeite', 'salada'),
(381, 'Cenoura ralada com azeite e orégano', 'salada'),
(382, 'Couve refogada', 'salada'),
(383, 'Farandole de legumes', 'salada'),
(384, 'Jerimum', 'salada'),
(385, 'Jerimum cozido', 'salada'),
(386, 'Legumes a jardineira', 'salada'),
(387, 'Legumes ao creme', 'salada'),
(388, 'Legumes ao vapor', 'salada'),
(389, 'Legumes cozidos', 'salada'),
(390, 'Legumes cozidos na maionese', 'salada'),
(391, 'Maionese de batata, cenoura e vagem', 'acompanhamento'),
(392, 'Mix de folhas', 'salada'),
(393, 'Mix de folhas (alface, alface americana, rúcula)', 'salada'),
(394, 'Mix de folhas (com passas, milho e queijo branco)', 'salada'),
(395, 'Mix de folhas (rúcula, espinafre, alface americano, alface crespa) com passas', 'salada'),
(396, 'Mix de folhas com passas e cenoura ralada', 'salada'),
(397, 'Mix de folhas com passas e queijo', 'salada'),
(398, 'Pepino', 'salada'),
(399, 'Repolho colorido', 'salada'),
(400, 'Repolho colorido (c/ cenoura ralada, pimentão e tomate em tiras)', 'salada'),
(401, 'Repolho colorido (c/ cenoura ralada, pimentão e tomate)', 'salada'),
(402, 'Repolho com abacaxi', 'salada'),
(403, 'Repolho com abacaxi e passas', 'salada'),
(404, 'Repolho com cenoura', 'salada'),
(405, 'Repolho com cenoura e ervilha', 'salada'),
(406, 'Repolho com cenoura e milho', 'salada'),
(407, 'Repolho com cenoura, milho e presunto (sem molho e sem maionese)', 'salada'),
(408, 'Repolho com maçã', 'salada'),
(409, 'Repolho com maionese', 'salada'),
(410, 'Repolho com maionese e maçã', 'salada'),
(411, 'Repolho com presunto e maionese', 'salada'),
(412, 'Repolho misto', 'salada'),
(413, 'Repolho misto (com tomate, pimentão e cenoura)', 'salada'),
(414, 'Repolho refogado', 'salada'),
(415, 'Repolho refogado com cenoura', 'salada'),
(416, 'Repolho refogado com cenoura e milho', 'salada'),
(417, 'Repolho refogado no azeite', 'salada'),
(418, 'Repolho refogado no azeite com cenoura ervilha e orégano', 'salada'),
(419, 'Salada à primavera', 'salada'),
(420, 'Salada caprese (tomates, queijo mussarela, manjericão regados ao azeite)', 'salada'),
(421, 'Salada cozida (batata, cenoura e vagem)', 'salada'),
(422, 'Salada crua', 'salada'),
(423, 'Salada crua (alface, tomate, cebola e pimentão)', 'salada'),
(424, 'Salada crua (cenoura/beterraba)', 'salada'),
(425, 'Salada crua (pepino com tomate)', 'salada'),
(426, 'Salada crua (tomate, alface, cebola e ovos)', 'salada'),
(427, 'Salada crua com ovos', 'salada'),
(428, 'Salada crua com ovos azeitona e presunto', 'salada'),
(429, 'Salada crua com ovos de codorna', 'salada'),
(430, 'Salada crua com ovos de codorna e azeitonas verdes', 'salada'),
(431, 'Salada crua com ovos de codorna, beterraba e cenoura ralada', 'salada'),
(432, 'Salada crua com ovos e azeitona', 'salada'),
(433, 'Salada crua com ovos, milho e ervilha', 'salada'),
(434, 'Salada crua com ovos, presunto, milho verde e azeite', 'salada'),
(435, 'Salada de acelga com abacaxi', 'salada'),
(436, 'Salada de acelga com frutas', 'salada'),
(437, 'Salada de acelga tropical', 'salada'),
(438, 'Salada de cebola refogada', 'salada'),
(439, 'Salada de folhas com manga em tiras', 'salada'),
(440, 'Salada de maionese (batata e cenoura)', 'salada'),
(441, 'Salada de pepino', 'salada'),
(442, 'Salada de pepino laminado ao molho cítrico', 'salada'),
(443, 'Salada de repolho (abacaxi e creme de leite)', 'salada'),
(444, 'Salada de repolho com cenoura', 'salada'),
(445, 'Salada de repolho com cenoura e milho', 'salada'),
(446, 'Salada de repolho com cenoura e passas', 'salada'),
(447, 'Salada de rúcula', 'salada'),
(448, 'Salada de rúcula e pepino', 'salada'),
(449, 'Salada de salpicão', 'salada'),
(450, 'Salada de tomates, acelga, milho e ervilha', 'salada'),
(451, 'Salada de verdura com ovos', 'salada'),
(452, 'Salada jardineira', 'salada'),
(453, 'Salada mista', 'salada'),
(454, 'Salada mista (alface, tomate, cebola e ovos)', 'salada'),
(455, 'Salada mista (verduras e legumes)', 'salada'),
(456, 'Salada mista com ovos', 'salada'),
(457, 'Salada portuguesa', 'salada'),
(458, 'Salada russa (tomate, alface e vagem)', 'salada'),
(459, 'Salada tropical (legumes, manga e creme de leite)', 'salada'),
(460, 'Salada verde', 'salada'),
(461, 'Salada verde (acelga, alface, vagem e pepino)', 'salada'),
(462, 'Salada verde (alface, pepino, acelga)', 'salada'),
(463, 'Salada verde (pepino, alface, tomate,cebola)', 'salada'),
(464, 'Salada verde (rúcula, alface e pepino)', 'salada'),
(465, 'Salada verde (rúcula, alface, vagem e pepino)', 'salada'),
(466, 'Salada verde (rúcula, pepino, vagem e acelga)', 'salada'),
(467, 'Salpicão', 'salada'),
(468, 'Salpicão com frango', 'salada'),
(469, 'Salpicão de frango', 'salada'),
(470, 'Tomate', 'salada'),
(471, 'Tomate com orégano', 'salada'),
(472, 'Tomate em rodelas', 'salada'),
(473, 'Tomate em rodelas com orégano', 'salada'),
(474, 'Tomate em rodelas com orégano e azeite', 'salada'),
(475, 'Tomate em tiras', 'salada'),
(476, 'Tomates em rodelas com azeite', 'salada'),
(477, 'Trio de folhosos verdes com castanha', 'salada'),
(478, 'Vagem', 'salada'),
(479, 'Vagem ao azeite', 'salada'),
(480, 'Vagem refogada', 'salada'),
(481, 'Batata doce refogada', 'acompanhamento'),
(482, 'Abacaxi caramelado', 'acompanhamento'),
(483, 'Abacaxi empanado', 'acompanhamento'),
(484, 'Abacaxi grelhado', 'acompanhamento'),
(485, 'Abacaxi natural', 'acompanhamento'),
(486, 'Banana a milanesa', 'acompanhamento'),
(487, 'Banana caramelada', 'acompanhamento'),
(488, 'Banana caramelada (ou abacaxi)', 'acompanhamento'),
(489, 'Banana empanada', 'acompanhamento'),
(490, 'Banana empanada com calda caramelada', 'acompanhamento'),
(491, 'Banana empanada com calda de caramelo', 'acompanhamento'),
(492, 'Batata ao creme com atum', 'acompanhamento'),
(493, 'Batata ao creme com presunto', 'acompanhamento'),
(494, 'Batata ao creme com queijo ralado', 'acompanhamento'),
(495, 'Batata ao molho branco', 'acompanhamento'),
(496, 'Batata ao molho branco com queijo', 'acompanhamento'),
(497, 'Batata ao molho branco gratinada', 'acompanhamento'),
(498, 'Batata com ovos', 'acompanhamento'),
(499, 'Batata com ovos e presunto', 'acompanhamento'),
(500, 'Batata corada', 'acompanhamento'),
(501, 'Batata coradas com queijo parmesão', 'acompanhamento'),
(502, 'Batata doce ao forno', 'acompanhamento'),
(503, 'Batata doce ao forno com calabresa', 'acompanhamento'),
(504, 'Batata doce ao forno com calabresa e bacon', 'acompanhamento'),
(505, 'Batata doce ao forno com salsicha', 'acompanhamento'),
(506, 'Batata doce assada', 'acompanhamento'),
(507, 'Batata doce com salsicha', 'acompanhamento'),
(508, 'Batata doce corada ao forno regada na manteiga da terra', 'acompanhamento'),
(509, 'Batata doce gratinada', 'acompanhamento'),
(510, 'Batata frita', 'acompanhamento'),
(511, 'Batata gratinada', 'acompanhamento'),
(512, 'Batata gratinada ao forno', 'acompanhamento'),
(513, 'Batata gratinada ao forno com queijo ralado', 'acompanhamento'),
(514, 'Batata gratinada ao molho branco com queijo', 'acompanhamento'),
(515, 'Batata gratinada com frango', 'acompanhamento'),
(516, 'Batata gratinada com queijo', 'acompanhamento'),
(517, 'Batata inglesa com maionese', 'acompanhamento'),
(518, 'Batata inglesa com ovos e presunto', 'acompanhamento'),
(519, 'Batata inglesa corada', 'acompanhamento'),
(520, 'Batata inglesa gratinada', 'acompanhamento'),
(521, 'Batata refogada ao azeite', 'acompanhamento'),
(522, 'Batatas rusticas com orégano', 'acompanhamento'),
(523, 'Bolinho de cenoura', 'acompanhamento'),
(524, 'Cozido à moda da casa', 'carne'),
(525, 'Farofa', 'acompanhamento'),
(527, 'Farofa de bacon', 'acompanhamento'),
(528, 'Farofa de banana e bacon', 'acompanhamento'),
(529, 'Farofa de cuzcuz', 'acompanhamento'),
(530, 'Farofa de ovos', 'acompanhamento'),
(531, 'Farofa dourada com couve refogado', 'acompanhamento'),
(532, 'Farofa especial', 'acompanhamento'),
(533, 'Farofa especial com ovos, bacon e calabresa', 'acompanhamento'),
(534, 'Farofa especial e batata corada', 'acompanhamento'),
(535, 'Macaxeira com manteiga da terra', 'acompanhamento'),
(536, 'Macaxeira cozida', 'acompanhamento'),
(537, 'Macaxeira cozida com manteiga da terra', 'acompanhamento'),
(538, 'Macaxeira em tiras fritas', 'acompanhamento'),
(539, 'Macaxeira gratinada', 'acompanhamento'),
(540, 'Maionese de batata', 'acompanhamento'),
(541, 'Maionese de batata com cenoura', 'acompanhamento'),
(542, 'Maionese de batata com maçã', 'acompanhamento'),
(543, 'Maionese de batata com maçã e passas', 'acompanhamento'),
(544, 'Maionese de batata com maçã e vagem', 'acompanhamento'),
(545, 'Maionese de batata e vagem', 'acompanhamento'),
(546, 'Maionese de cenoura, batata e vagem', 'acompanhamento'),
(547, 'Maionese de legumes', 'acompanhamento'),
(548, 'Nhoque', 'macarrao'),
(549, 'Ovo de codorna com orégano', 'acompanhamento'),
(550, 'Ovos de codorna ao molho rosê', 'acompanhamento'),
(551, 'Ovos de codornas', 'acompanhamento'),
(552, 'Pirão de Carne', 'acompanhamento'),
(553, 'Pirão de peixe', 'acompanhamento'),
(554, 'Purê de batata doce', 'acompanhamento'),
(555, 'Purê de macaxeira com charque', 'acompanhamento'),
(556, 'Purê de macaxeira com charque e queijo coalho', 'acompanhamento'),
(557, 'Purê de macaxeira com queijo e calabresa', 'acompanhamento'),
(558, 'Purê misto', 'acompanhamento'),
(559, 'Purê misto (abóbora, batata inglesa)', 'acompanhamento'),
(560, 'Purê misto de abóbora e batata', 'acompanhamento'),
(561, 'Bife ao molho madeira', 'carne'),
(562, 'Almôndegas', 'carne'),
(563, 'Almôndegas ao molho de tomates', 'carne'),
(564, 'Almôndegas especiais', 'carne'),
(565, 'Bacalhau ao forno gratinado (queijo e batata)', 'carne'),
(566, 'Bacalhau gratinado', 'carne'),
(567, 'Bife aromático (com ervas)', 'carne'),
(568, 'Bife à delícia', 'carne'),
(569, 'Bife à francesa', 'carne'),
(570, 'Bife a francesa (grelhado com presunto e batata palha)', 'carne'),
(571, 'Bife à jardineira', 'carne'),
(572, 'Bife à milanesa', 'carne'),
(573, 'Bife à parmegiana', 'carne'),
(574, 'Bife à portuguesa', 'carne'),
(575, 'Bife à role (recheado com cenoura e bacon)', 'carne'),
(576, 'Bife acebolado', 'carne'),
(577, 'Bife acebolado à delicia', 'carne'),
(578, 'Bife acebolado ao alho', 'carne'),
(579, 'Bife acebolado ao molho de mostarda', 'carne'),
(580, 'Bife acebolado ao molho de mostarda com bacon', 'carne'),
(581, 'Bife acebolado ao molho escuro', 'carne'),
(582, 'Bife acebolado com alho', 'carne'),
(583, 'Bife acebolado com cebola e alho crocante', 'carne'),
(584, 'Bife ao alho', 'carne'),
(585, 'Bife ao creme de milho', 'carne'),
(586, 'Bife ao molho', 'carne'),
(587, 'Bife ao molho barbecue', 'carne'),
(588, 'Bife ao molho branco', 'carne'),
(589, 'Bife ao molho branco com bacon', 'carne'),
(590, 'Bife ao molho chop suey', 'carne'),
(591, 'Bife ao molho com legumes', 'carne'),
(592, 'Bife ao molho com legumes (batata cenoura e vagem)', 'carne'),
(593, 'Bife ao molho com legumes, ovos e azeitona', 'carne'),
(594, 'Bife ao molho de tomates', 'carne'),
(595, 'Bife ao molho escuro', 'carne'),
(596, 'Bife ao molho ferrugem', 'carne'),
(597, 'Bife ao molho madeira', 'carne'),
(598, 'Bife ao molho madeira com Champion', 'carne'),
(599, 'Bife ao molho madeira com ovos', 'carne'),
(600, 'Bife ao molho madeira com presunto e ervilha', 'carne'),
(601, 'Bife ao molho xadrez', 'carne'),
(602, 'Bife ao strogonoff', 'carne'),
(603, 'Bife bovino na manteiga', 'carne'),
(604, 'Bife caramelado', 'carne'),
(605, 'Bife de fígado acebolado', 'carne'),
(606, 'Bife grelhado', 'carne'),
(607, 'Bife grelhado à delícia', 'carne'),
(608, 'Bife grelhado à jardineira', 'carne'),
(609, 'Bife grelhado acebolado', 'carne'),
(610, 'Bife grelhado acebolado com alho', 'carne'),
(611, 'Bife grelhado ao alho', 'carne'),
(612, 'Bife grelhado ao alho e óleo', 'carne'),
(613, 'Bife grelhado ao molho de queijo', 'carne'),
(614, 'Bife grelhado caramelado', 'carne'),
(615, 'Bife grelhado com alho', 'carne'),
(616, 'Bife grelhado com bacon ao molho madeira', 'carne'),
(617, 'Bife grelhado com cebola', 'carne'),
(618, 'Bife grelhado com cebola e alho', 'carne'),
(619, 'Bife grelhado com molho escuro', 'carne'),
(620, 'Bife grelhado na chapa', 'carne'),
(621, 'Bife na chapa ao alho', 'carne'),
(622, 'Bife na manteiga', 'carne'),
(623, 'Bife no strogonoff', 'carne'),
(624, 'Bisteca suína ao molho barbecue', 'carne'),
(625, 'Bisteca suína grelhada', 'carne'),
(626, 'Bolinho de camarão', 'carne'),
(627, 'Bolinho de carne', 'carne'),
(628, 'Bolinho de carne à milanesa', 'carne'),
(629, 'Bolinho de carne a milanesa com calabresa e queijo', 'carne'),
(630, 'Bolinho de carne a milanesa recheado com queijo', 'carne'),
(631, 'Bolinho de carne à parmegiana', 'carne'),
(633, 'Bolinho de carne ao molho', 'carne'),
(634, 'Bolinho de carne ao molho ao sugo', 'carne'),
(635, 'Bolinho de carne ao molho de queijos', 'carne'),
(636, 'Bolinho de carne com calabresa e bacon', 'carne'),
(637, 'Bolinho de carne com queijo e presunto', 'carne'),
(638, 'Bolinho de carne empanado', 'carne'),
(639, 'Bolinho de carne empanado com bacon e calabresa', 'carne'),
(640, 'Bolinho de carne empanado com queijo e presunto', 'carne'),
(641, 'Bolinho de carne grelhado ao molho barbecue', 'carne'),
(642, 'Bolinho de carne na chapa com molho de requeijão', 'carne'),
(643, 'Bolinho de carne recheado à milanesa', 'carne'),
(644, 'Bolinho de frango', 'carne'),
(645, 'Bolinho de frango ao molho rosê', 'carne'),
(646, 'Bolinho de frango empanado', 'carne'),
(647, 'Carne a milanesa', 'carne'),
(648, 'Carne a milanesa com bacon e calabresa', 'carne'),
(649, 'Carne a milanesa com calabresa e queijo', 'carne'),
(650, 'Carne a milanesa com queijo', 'carne'),
(651, 'Carne à parmegiana', 'carne'),
(652, 'Carne acebolada', 'carne'),
(653, 'Carne acebolada com molho escuro', 'carne'),
(654, 'Carne ao forno', 'carne'),
(655, 'Carne ao forno à delícia', 'carne'),
(656, 'Carne ao forno ao molho branco', 'carne'),
(657, 'Carne ao forno com batatas', 'carne'),
(658, 'Carne ao forno com molho escuro', 'carne'),
(659, 'Carne ao forno com molho madeira', 'carne'),
(660, 'Carne ao molho surpresa', 'carne'),
(661, 'Carne assada', 'carne'),
(662, 'Carne assada ao forno com batatas coradas', 'carne'),
(663, 'Carne assada com batatas', 'carne'),
(664, 'Carne assada com batatas e cebola', 'carne'),
(665, 'Carne assada na brasa', 'carne'),
(666, 'Carne assada refogada na manteiga', 'carne'),
(667, 'Carne chinesa (ao molho chop suey)', 'carne'),
(668, 'Carne de panela', 'carne'),
(669, 'Carne de panela ao forno', 'carne'),
(670, 'Carne de panela ao molho ferrugem', 'carne'),
(671, 'Carne de panela com batatas', 'carne'),
(672, 'Carne de sol', 'carne'),
(673, 'Carne de sol à parmegiana', 'carne'),
(674, 'Carne de sol acebolada', 'carne'),
(675, 'Carne de sol acebolada com queijo coalho', 'carne'),
(676, 'Carne de sol acebolado na chapa', 'carne'),
(677, 'Carne de sol ao forno', 'carne'),
(678, 'Carne de sol ao forno a delícia', 'carne'),
(679, 'Carne de sol ao forno com batatas e creme de requeijão', 'carne'),
(680, 'Carne de sol ao forno na nata', 'carne'),
(681, 'Carne de sol assada no forno com creme de requeijão', 'carne'),
(682, 'Carne de sol desfiada com nata', 'carne'),
(683, 'Carne de sol desfiada na nata', 'carne'),
(684, 'Carne de sol grelhada na chapa', 'carne'),
(685, 'Carne de sol na brasa', 'carne'),
(686, 'Carne de sol na nata', 'carne'),
(687, 'Carne em cubos com legumes e bacon', 'carne'),
(688, 'Carne grelhada', 'carne'),
(689, 'Carne grelhada no grill', 'carne'),
(690, 'Carne moída à jardineira', 'carne'),
(691, 'Carne na brasa', 'carne'),
(692, 'Carne na chapa', 'carne'),
(693, 'Carne na chapa com presunto', 'carne'),
(694, 'Carne no grill', 'carne'),
(695, 'Chapa mista de carne e lingüiça', 'carne'),
(696, 'Chapa mista de isca de frango e linguiça', 'carne'),
(697, 'Charqueada (charque com legumes)', 'carne'),
(698, 'Chester à Califórnia', 'carne'),
(699, 'Coxa de frango crocante', 'carne'),
(700, 'Coxa e sobrecoxa assadas', 'carne'),
(701, 'Coxa e sobrecoxa assadas ao molho especial', 'carne'),
(702, 'Cozido completo', 'carne'),
(703, 'Cozido sertanejo', 'carne'),
(704, 'Creme de galinha', 'carne'),
(705, 'Crepe de camarão', 'carne'),
(706, 'Cupim ao forno', 'carne'),
(707, 'Cupim ao forno ao creme', 'carne'),
(708, 'Cupim ao forno com batatas', 'carne'),
(709, 'Cupim ao molho de requeijão', 'carne'),
(710, 'Cupim assado', 'carne'),
(711, 'Cupim assado com batatas', 'carne'),
(712, 'Cupim assado no bafo', 'carne'),
(713, 'Cupim assado no forno com batatas', 'carne'),
(714, 'Empadão de frango', 'carne'),
(715, 'Escondidinho de calabresa', 'carne'),
(716, 'Escondidinho de carne de sol com macaxeira', 'carne'),
(717, 'Fígado à Portuguesa', 'carne'),
(718, 'Fígado acebolado', 'carne'),
(719, 'Fígado acebolado ao alho', 'carne'),
(720, 'Fígado na mostarda', 'carne'),
(721, 'Fricassê de frango', 'carne'),
(723, 'File de frango a cordon bleu', 'carne'),
(724, 'Filé de frango a delícia', 'carne'),
(725, 'File de frango à jardineira', 'carne'),
(726, 'Filé de frango à milanesa', 'carne'),
(727, 'Filé de frango à parmegiana', 'carne'),
(728, 'Filé de frango amanteigado', 'carne'),
(729, 'Filé de frango amanteigado na chapa', 'carne'),
(730, 'Filé de frango ao alho', 'carne'),
(731, 'Filé de frango ao grill', 'carne'),
(732, 'Filé de frango ao molho branco', 'carne'),
(733, 'Filé de frango ao molho branco com bacon', 'carne'),
(734, 'Filé de frango ao molho de estrogonofe', 'carne'),
(735, 'Filé de frango ao molho de laranja', 'carne'),
(736, 'File de frango ao molho de laranja e hortelã', 'carne'),
(737, 'Filé de Frango ao molho de manga', 'carne'),
(738, 'Filé de frango ao molho de maracujá', 'carne'),
(739, 'Filé de frango ao molho de mostarda', 'carne'),
(740, 'File de frango ao molho de queijo', 'carne'),
(741, 'Filé de frango ao molho de requeijão', 'carne'),
(742, 'File de frango ao molho de tomate com manjericão', 'carne'),
(743, 'Filé de frango ao molho escuro', 'carne'),
(744, 'File de frango ao molho madeira', 'carne'),
(745, 'File de frango ao molho madeira com ervilhas e presunto', 'carne'),
(746, 'Filé de frango ao molho rosé', 'carne'),
(747, 'Filé de frango aos quatro queijos', 'carne'),
(748, 'Filé de frango com bacon', 'carne'),
(749, 'File de frango com bacon e legumes', 'carne'),
(750, 'File de frango com bacon e manjericão ao molho branco', 'carne'),
(751, 'File de frango em cubos ao molho branco', 'carne'),
(752, 'Filé de frango em cubos aos quatro queijos', 'carne'),
(753, 'Filé de frango em cubos gratinado', 'carne'),
(754, 'Filé de frango em cubos gratinado ao molho branco', 'carne'),
(755, 'Filé de frango empanado', 'carne'),
(756, 'Filé de frango gratinado', 'carne'),
(757, 'File de frango gratinado ao molho branco', 'carne'),
(758, 'File de frango gratinado ao molho de queijo', 'carne'),
(759, 'Filé de frango grelhado a jardineira', 'carne'),
(760, 'Filé de frango grelhado ao molho de queijo', 'carne'),
(761, 'Filé de frango grelhado ao molho escuro', 'carne'),
(762, 'File de frango grelhado ao molho madeira', 'carne'),
(763, 'Filé de frango grelhado c/ vinagrete', 'carne'),
(764, 'Filé de frango grelhado c/presunto e ervilha', 'carne'),
(765, 'Filé de Frango grelhado com bacon', 'carne'),
(766, 'File de frango grelhado com cebola e alho', 'carne'),
(767, 'Filé de frango grelhado com cebolas', 'carne'),
(768, 'File de frango grelhado na chapa', 'carne'),
(769, 'File de frango grelhado na chapa', 'carne'),
(770, 'Filé de frango grelhado na chapa refogado na manteiga', 'carne'),
(771, 'Filé de frango grelhado na manteiga', 'carne'),
(772, 'File de frango grelhado na manteiga acebolado', 'carne'),
(773, 'Filé de frango grelhado refogado na manteiga', 'carne'),
(774, 'Filé de frango na chapa', 'carne'),
(775, 'Filé de frango na manteiga', 'carne'),
(776, 'Filé de frango recheado', 'carne'),
(777, 'Filé de frango recheado com queijo e presunto', 'carne'),
(778, 'Filé de peixe', 'carne'),
(779, 'Filé de peixe a delícia', 'carne'),
(780, 'Filé de peixe a delícia (merluza)', 'carne'),
(781, 'Filé de peixe a delícia gratinado ao forno', 'carne'),
(782, 'Filé de peixe a dorê', 'carne'),
(783, 'Filé de peixe à milanesa', 'carne'),
(784, 'Filé de peixe a portuguesa', 'carne'),
(785, 'Filé de peixe à portuguesa', 'carne'),
(786, 'Filé de peixe ao azeite', 'carne'),
(787, 'File de peixe ao forno', 'carne'),
(788, 'Filé de peixe ao forno com alecrim', 'carne'),
(789, 'File de peixe ao forno com gergelim', 'carne'),
(790, 'Filé de peixe ao molho branco', 'carne'),
(791, 'Filé de peixe ao molho de camarão', 'carne'),
(792, 'Filé de peixe ao molho de coco', 'carne'),
(793, 'Filé de peixe ao molho de tomate', 'carne'),
(794, 'Filé de peixe ao molho de tomate (merluza)', 'carne'),
(795, 'Filé de peixe aos quatro queijos', 'carne'),
(796, 'File de peixe com ervas', 'carne'),
(797, 'Filé de peixe em posta', 'carne'),
(798, 'Filé de peixe em posta frito', 'carne'),
(799, 'Filé de peixe frito', 'carne'),
(800, 'Filé de peixe refogado ao azeite', 'carne'),
(801, 'Filé grelhado', 'carne'),
(802, 'Frango a brasileira', 'carne'),
(803, 'Frango à brasileira ao molho com presunto e passas', 'carne'),
(804, 'Frango à caçadora', 'carne'),
(805, 'Frango à caçadora (ao molho de bacon e legumes)', 'carne'),
(806, 'Frango à caçadora (com calabresa e bacon)', 'carne'),
(807, 'Frango à caçarola (com calabresa e bacon)', 'carne'),
(808, 'Frango à jardineira', 'carne'),
(809, 'Frango à milanesa', 'carne'),
(810, 'Frango à parmegiana', 'carne'),
(811, 'Frango à primavera', 'carne'),
(812, 'Frango amanteigado', 'carne'),
(813, 'Frango ao bacon e molho branco', 'carne'),
(814, 'Frango ao creme', 'carne'),
(815, 'Frango ao creme com legumes e milho', 'carne'),
(816, 'Frango ao creme com milho', 'carne'),
(817, 'Frango ao creme de bacon', 'carne'),
(818, 'Frango ao creme de cebola com milho', 'carne'),
(819, 'Frango ao creme de milho', 'carne'),
(820, 'Frango ao forno a delicia', 'carne'),
(821, 'Frango ao forno com mel', 'carne'),
(822, 'Frango ao forno com nata', 'carne'),
(823, 'Frango ao molho branco', 'carne'),
(824, 'Frango ao molho branco com bacon', 'carne'),
(825, 'Frango ao molho com legumes', 'carne'),
(826, 'Frango ao molho com legumes e bacon', 'carne'),
(827, 'Frango ao molho com legumes e ovos', 'carne'),
(828, 'Frango ao molho com presunto e passas', 'carne'),
(829, 'Frango ao molho de laranja', 'carne'),
(830, 'Frango ao molho de maracujá', 'carne'),
(831, 'Frango ao molho especial', 'carne'),
(832, 'Frango ao molho pardo', 'carne'),
(833, 'Frango ao molho rosê', 'carne'),
(834, 'Frango aos quatro queijos', 'carne'),
(835, 'Frango assado', 'carne'),
(836, 'Frango assado (coxa e sobrecoxa)', 'carne'),
(837, 'frango assado (coxa e sobrecoxa) ao forno', 'carne'),
(838, 'Frango assado ao forno', 'carne'),
(839, 'Frango assado ao molho de queijo', 'carne'),
(840, 'Frango assado com mel', 'carne'),
(841, 'Frango assado na brasa', 'carne'),
(842, 'Frango assado na brasa (coxa e sobrecoxa)', 'carne'),
(843, 'Frango com calabresa e bacon', 'carne'),
(844, 'Frango com legumes e bacon', 'carne'),
(845, 'Frango com mel', 'carne'),
(846, 'Frango crocante', 'carne'),
(847, 'Frango desossado', 'carne'),
(848, 'Frango desossado à delícia', 'carne'),
(849, 'Frango desossado amanteigado', 'carne'),
(850, 'Frango desossado ao forno', 'carne'),
(851, 'Frango desossado ao molho madeira', 'carne'),
(852, 'Frango desossado ao molho madeira com presunto', 'carne'),
(853, 'Frango desossado ao molho surpresa', 'carne'),
(854, 'Frango desossado assado', 'carne'),
(855, 'Frango Desossado com Bacon', 'carne'),
(856, 'Frango desossado com bacon e calabresa', 'carne'),
(857, 'Frango desossado com bacon e lingüiça', 'carne'),
(858, 'Frango desossado com bacon, calabresa e passas', 'carne'),
(859, 'Frango desossado com batata ao molho branco', 'carne'),
(860, 'Frango desossado com batata ao molho branco', 'carne'),
(861, 'Frango desossado com batatas', 'carne'),
(862, 'Frango desossado com calabresa e bacon', 'carne'),
(863, 'Frango desossado com molho madeira e presunto', 'carne'),
(864, 'Frango desossado na chapa', 'carne'),
(865, 'Frango em cubos ao molho de queijo', 'carne'),
(866, 'Frango em cubos ao molho de queijo gratinado ao forno', 'carne'),
(867, 'Frango em cubos aos quatro queijos', 'carne'),
(868, 'Frango em cubos com bacon e legumes', 'carne'),
(869, 'Frango em cubos gratinado', 'carne'),
(870, 'Frango em cubos gratinado ao molho branco', 'carne'),
(871, 'Frango em isca a delícia', 'carne'),
(872, 'Frango em isca à milanesa', 'carne'),
(873, 'Frango em isca chinês', 'carne'),
(874, 'Frango empanado', 'carne'),
(875, 'Frango gratinado ao molho branco', 'carne'),
(876, 'Frango gratinado ao molho de queijo', 'carne'),
(877, 'Frango grelhado ao molho branco com bacon e passas', 'carne'),
(878, 'Frango grelhado ao molho escuro', 'carne'),
(879, 'Frango grelhado ao molho escuro com ervas', 'carne'),
(880, 'Frango grelhado com alho', 'carne'),
(881, 'Frango grelhado com bacon', 'carne'),
(882, 'Frango grelhado com calabresa e bacon', 'carne'),
(883, 'Frango grelhado com cebolas e bacon', 'carne'),
(884, 'Frango grelhado com ervas', 'carne'),
(885, 'Frango grelhado em cubos com bacon e legumes', 'carne'),
(886, 'Frango grelhado em cubos com bacon e legumes', 'carne'),
(887, 'Frango grelhado especial', 'carne'),
(888, 'Frango grelhado na chapa', 'carne'),
(889, 'Frango na brasa', 'carne'),
(890, 'Frango na brasa com mel', 'carne'),
(891, 'Frango na cerveja', 'carne'),
(892, 'Frango na chapa', 'carne'),
(893, 'Frango recheado', 'carne'),
(894, 'Frango recheado com queijo e presunto', 'carne'),
(895, 'Frango sertanejo', 'carne'),
(896, 'Frango xadrez', 'carne'),
(897, 'Fricassê de frango', 'carne'),
(898, 'Galinha a cabidela', 'carne'),
(899, 'Galinha guisada', 'carne'),
(900, 'Guisadinho com legumes e bacon', 'carne'),
(901, 'Isca de carne a delícia', 'carne'),
(902, 'Isca de carne acebolada com calabresa', 'carne'),
(903, 'Isca de carne acebolada na chapa', 'carne'),
(904, 'Isca de carne ao molho branco com batatas', 'carne'),
(905, 'Isca de carne ao molho chop suey', 'carne'),
(906, 'Isca de carne ao molho com legumes', 'carne'),
(907, 'Isca de carne ao molho com legumes', 'carne'),
(908, 'Isca de carne ao molho escuro', 'carne'),
(909, 'Isca de carne ao molho madeira', 'carne'),
(910, 'Isca de carne ao molho shoyo', 'carne'),
(911, 'Isca de carne chinesa', 'carne'),
(912, 'Isca de carne com bacon e calabresa', 'carne'),
(913, 'Isca de carne de sol', 'carne'),
(914, 'Isca de carne de sol acebolada', 'carne'),
(915, 'Isca de Carne de sol acebolada na chapa', 'carne'),
(916, 'Isca de carne de sol ao creme com batata corada', 'carne'),
(917, 'Isca de carne de sol na nata', 'carne'),
(918, 'Isca de fígado', 'carne'),
(919, 'Lasanha a bolonhesa', 'carne'),
(920, 'Lasanha de carne', 'carne'),
(921, 'Lingüiça', 'carne'),
(922, 'Lingüiça ao forno', 'carne'),
(923, 'Linguiça assada', 'carne'),
(924, 'Lingüiça assada na brasa', 'carne'),
(925, 'Linguiça calabresa ao molho branco', 'carne'),
(926, 'Linguiça calabresa ao vinagrete', 'carne'),
(927, 'Lingüiça mista', 'carne'),
(928, 'Lingüiça mista ao forno', 'carne'),
(929, 'Lingüiça mista assada', 'carne'),
(930, 'Lingüiça mista assado ao forno', 'carne'),
(931, 'Lingüiça mista na brasa', 'carne'),
(932, 'Lingüiça na brasa', 'carne'),
(933, 'Lingüiça toscana', 'carne'),
(934, 'Linguiça toscana ao forno', 'carne'),
(935, 'Lombo a caçarola com legumes', 'carne'),
(936, 'Lombo à Califórnia', 'carne'),
(937, 'Lombo à delícia', 'carne'),
(938, 'Lombo a francesa', 'carne'),
(939, 'Lombo à jardineira', 'carne'),
(940, 'Lombo ao creme', 'carne'),
(941, 'Lombo ao creme com legumes', 'carne'),
(942, 'Lombo ao creme com ovos', 'carne'),
(943, 'Lombo ao creme com ovos', 'carne'),
(944, 'Lombo ao creme com ovos e batata palha', 'carne'),
(945, 'Lombo ao forno', 'carne'),
(946, 'Lombo ao forno ao molho madeira', 'carne'),
(947, 'Lombo ao forno com abacaxi', 'carne'),
(948, 'Lombo ao forno com batata palha', 'carne'),
(949, 'Lombo ao forno com batatas', 'carne'),
(950, 'Lombo ao forno com cebolas', 'carne'),
(951, 'Lombo ao molho', 'carne'),
(952, 'Lombo ao molho com legumes', 'carne'),
(953, 'Lombo ao molho escuro', 'carne'),
(954, 'Lombo ao molho madeira', 'carne'),
(955, 'Lombo assado', 'carne'),
(956, 'Lombo assado ao forno com batata palha', 'carne'),
(957, 'Lombo assado ao molho escuro', 'carne'),
(958, 'Lombo assado ao molho madeira', 'carne'),
(959, 'Lombo assado com batatas', 'carne'),
(960, 'Lombo assado com presunto e batata palha', 'carne'),
(961, 'Lombo bovino à francesa', 'carne'),
(962, 'Lombo bovino à jardineira', 'carne'),
(963, 'Lombo bovino ao creme', 'carne'),
(964, 'Lombo bovino ao forno', 'carne'),
(965, 'Lombo bovino ao forno com batata corada', 'carne'),
(966, 'Lombo bovino ao forno com batata palha', 'carne'),
(967, 'Lombo bovino ao forno com batatas', 'carne'),
(968, 'Lombo bovino ao forno com presunto e batata palha', 'carne'),
(969, 'Lombo bovino ao molho', 'carne'),
(970, 'Lombo bovino ao molho com legumes', 'carne'),
(971, 'Lombo bovino ao molho ferrugem', 'carne'),
(972, 'Lombo bovino ao molho madeira', 'carne'),
(973, 'Lombo bovino ao molho madeira', 'carne'),
(974, 'Lombo bovino assado', 'carne'),
(975, 'Lombo bovino assado ao molho', 'carne'),
(976, 'Lombo bovino assado ao molho escuro', 'carne'),
(977, 'Lombo com abacaxi', 'carne'),
(978, 'Lombo de panela', 'carne'),
(979, 'Lombo gratinado ao molho branco', 'carne'),
(980, 'Lombo guisado', 'carne'),
(981, 'Lombo guisado', 'carne'),
(982, 'Lombo recheado ao molho escuro', 'carne'),
(983, 'Lombo suíno a Califórnia', 'carne'),
(984, 'Lombo suíno na brasa', 'carne'),
(985, 'Lombo suíno na brasa', 'carne'),
(986, 'Maminha grelhada', 'carne'),
(987, 'Medalhão de carne', 'carne'),
(988, 'Medalhão de frango', 'carne'),
(989, 'Omelete com carne de charque', 'carne'),
(990, 'Omelete com linguiça', 'carne'),
(991, 'Omelete de camarão', 'carne'),
(992, 'Omelete de carne', 'carne'),
(993, 'Omelete de carne', 'carne'),
(994, 'Omelete de frango ao forno', 'carne'),
(995, 'Omelete misto', 'carne'),
(996, 'Panqueca de carne', 'carne'),
(997, 'Panqueca de carne (a bolonhesa)', 'carne'),
(998, 'Panqueca de carne a delícia', 'carne'),
(999, 'Panqueca de carne ao molho (à bolonhesa)', 'carne'),
(1000, 'Panqueca de carne ao molho branco', 'carne'),
(1001, 'Panqueca de carne ao molho de tomate', 'carne'),
(1002, 'Panqueca de carne ao sugo', 'carne'),
(1003, 'Panqueca de carne de charque', 'carne'),
(1004, 'Panqueca de carne de sol ao molho branco', 'carne'),
(1005, 'Panqueca de carne de sol ao molho de tomates', 'carne'),
(1006, 'Panqueca de espinafre com carne', 'carne'),
(1007, 'Panqueca de espinafre com frango', 'carne'),
(1008, 'Panqueca de frango', 'carne'),
(1009, 'Panqueca de frango ao molho', 'carne'),
(1010, 'Panqueca de frango ao molho branco', 'carne'),
(1011, 'Panqueca de frango ao molho de tomate', 'carne'),
(1012, 'Panquecas', 'carne'),
(1013, 'Panquecas de frango com cenoura ao molho bicolor', 'carne'),
(1014, 'Parmegiana de carne', 'carne'),
(1015, 'Peixada', 'carne'),
(1016, 'Peixe a delícia', 'carne'),
(1017, 'Peixe ao forno', 'carne'),
(1018, 'Peixe ao forno com alecrim', 'carne'),
(1019, 'Peixe ao molho de camarão', 'carne'),
(1020, 'Peixe ao molho de coco', 'carne'),
(1021, 'Peixe ao molho de requeijão', 'carne'),
(1022, 'Peixe ao molho de tomate', 'carne'),
(1023, 'Peixe em posta', 'carne'),
(1024, 'Peixe em posta a portuguesa', 'carne'),
(1025, 'Peixe em posta ao azeite na chapa', 'carne'),
(1026, 'Peixe em posta ao molho de coco', 'carne'),
(1027, 'Peixe em posta ao molho de tomate', 'carne'),
(1028, 'Peixe em posta assado', 'carne'),
(1029, 'Peixe em posta assado ao forno', 'carne'),
(1030, 'Peixe em posta frito', 'carne'),
(1031, 'Peixe em posta frito (serra)', 'carne'),
(1032, 'Peixe em posta frito à portuguesa', 'carne'),
(1033, 'Peixe em posta frito na chapa', 'carne'),
(1034, 'Peixe em posta frito refogado ao azeite', 'carne'),
(1035, 'Peixe em posta grelhado', 'carne'),
(1036, 'Peixe em posta grelhado com alecrim', 'carne'),
(1037, 'Peixe em posta na chapa', 'carne'),
(1038, 'Peixe em posta refogado ao azeite', 'carne'),
(1039, 'Peixe frito', 'carne'),
(1040, 'Peixe frito ao azeite', 'carne'),
(1041, 'Peixe frito ao azeite', 'carne'),
(1042, 'Peixe frito refogado ao azeite', 'carne'),
(1043, 'Peixe grelhado', 'carne'),
(1044, 'Peixe grelhado com molho de ervas', 'carne'),
(1045, 'Peixe na chapa (temperado com azeite, limão, sal e pimenta branca)', 'carne'),
(1046, 'Peixe refogado ao azeite', 'carne'),
(1047, 'Pernil assado', 'carne'),
(1048, 'Pernil suíno', 'carne'),
(1049, 'Picadinho à paulista', 'carne'),
(1050, 'Picadinho a paulista com bacon', 'carne'),
(1051, 'Picadinho ao molho com bacon e legumes', 'carne'),
(1052, 'Picadinho com batatas', 'carne'),
(1053, 'Picadinho com legumes', 'carne'),
(1054, 'Picadinho com legumes e bacon', 'carne'),
(1055, 'Picadinho de carne a paulista', 'carne'),
(1056, 'Picadinho de carne a paulista com bacon e legumes', 'carne'),
(1057, 'Picadinho de carne com legumes e bacon', 'carne'),
(1058, 'Picadinho de carne guisada', 'carne'),
(1059, 'Picadinho paulista', 'carne'),
(1060, 'Picadinho paulista com legumes e bacon', 'carne'),
(1061, 'Picanha bovina', 'carne'),
(1062, 'Picanha bovina grelhado ao alho', 'carne'),
(1063, 'Picanha grelhada', 'carne'),
(1064, 'Picanha suína', 'carne'),
(1065, 'Picanha suína ao molho barbecue', 'carne'),
(1066, 'Picanha suína grelhada', 'carne'),
(1067, 'Picanha suína na brasa', 'carne'),
(1068, 'Picanha suína no grill', 'carne'),
(1069, 'Rocambole de batata com carne', 'carne'),
(1070, 'Rocambole de carne', 'carne'),
(1071, 'Rocambole de carne com batata(queijo/presunto)', 'carne'),
(1072, 'Rocambole de frango', 'carne'),
(1073, 'Rocambole de frango desfiado', 'carne'),
(1074, 'Rocambole de massa de batata e carne', 'carne'),
(1075, 'Rocambole de massa de batata e frango desfiado', 'carne'),
(1076, 'Sobrecoxa assada ao forno', 'carne'),
(1077, 'Strogonoff de carne', 'carne'),
(1078, 'Strogonoff de frango', 'carne'),
(1079, 'Supremo de frango', 'carne'),
(1080, 'Supremo de frango com queijo e presunto', 'carne'),
(1081, 'Torta de calabresa', 'carne'),
(1082, 'Torta de camarão', 'carne'),
(1083, 'Torta de camarão com queijo', 'carne'),
(1084, 'Torta de carne', 'carne'),
(1085, 'Torta de carne com requeijão', 'carne'),
(1086, 'Torta de carne de sol', 'carne'),
(1087, 'Torta de carne de sol na nata', 'carne'),
(1088, 'Torta de carne moída', 'carne');
INSERT INTO `refeicao` (`id`, `nome_refeicao`, `tipo`) VALUES
(1089, 'Torta de frango', 'carne'),
(1090, 'Torta de frango com catupiry', 'carne'),
(1091, 'Torta de frango cremoso', 'carne'),
(1092, 'Torta madalena', 'carne'),
(1093, 'Vaca atolada', 'carne'),
(1094, 'Lombo recheado', 'carne'),
(1095, 'Feijoada', 'feijao'),
(1096, 'Filé de frango grelhado', 'carne'),
(1097, 'Purê de batatas', 'acompanhamento'),
(1098, 'Bife ao molho de mostarda', 'carne'),
(1099, 'Omelete de charque', 'carne'),
(1100, 'Salada de alface, tomate e cebola', 'salada'),
(1101, 'Arroz à piamontese', 'arroz'),
(1102, 'Macarrão espaguete parisiense', 'macarrao'),
(1103, 'Macarrão espaguete parisiense', 'macarrao'),
(1104, 'Maionese', 'acompanhamento'),
(1105, 'Peixe à dorê', 'carne'),
(1106, 'Mix de folhas verdes', 'salada'),
(1107, 'Cupim ao forno com batata corada', 'carne'),
(1108, 'Macarrão parafuso com ervas', 'macarrao'),
(1109, 'Picadinho de carne', 'carne'),
(1110, 'Batata doce frita', 'acompanhamento'),
(1111, 'Filé de frango grelhado com manteiga de alecrim', 'carne'),
(1112, 'Suflê de legumes', 'arroz'),
(1113, 'Suflê de legumes', 'salada'),
(1114, 'Arroz com cenoura e vagem refogados na manteiga', 'arroz'),
(1115, 'Salada de rúcula e tomates refogados no azeite', 'salada'),
(1116, 'Bife acebolado na manteiga e alecrim', 'carne'),
(1117, 'Carne de sol ao forno servido com cebola assada na manteiga da terra', 'carne'),
(1118, 'Lombo ao forno com batatas coradas', 'carne'),
(1119, 'Macarrão no alho e óleo aromatizado com ervas', 'macarrao'),
(1120, 'Macarrão parafuso ao molho da casa com manjericão', 'macarrao'),
(1121, 'Salada de repolho com cenoura, tomates e azeite', 'salada'),
(1122, 'Salada verde (mix de folhas com pepino)', 'salada'),
(1123, 'Bife ao molho de mostarda com bacon em cubos e cebola', 'carne'),
(1124, 'Carne assada ao forno com refogados de cebola e coentro', 'carne'),
(1125, 'Sobrecoxa de frango assada', 'carne'),
(1126, 'Feijão macassar com farofa de cuscuz, calabresa e bacon', 'feijao'),
(1127, 'Macarrão espaguete ao creme de frango', 'macarrao'),
(1128, 'Repolho em recorte bem fino refogado com cenoura', 'salada'),
(1129, 'Beterraba cozida em cubos ao molho cítrico (limão, azeite)', 'salada'),
(1130, 'Abacaxi caramelizado', 'acompanhamento'),
(1131, 'Lombo ao molho com legumes e ovos cozidos', 'carne'),
(1132, 'Macarrão parafuso ao molho de ervas', 'macarrao'),
(1133, 'Salada mista de legumes', 'salada'),
(1134, 'Farofa de abóbora', 'acompanhamento'),
(1135, 'Bife ao molho madeira com presunto e ervilha', 'carne'),
(1136, 'Carne ao creme', 'carne'),
(1137, 'Carne suína assada servida com molho barbecue', 'carne'),
(1138, 'Cubos de frango ao molho branco gratinado', 'carne'),
(1139, 'Filé de frango grelhado com manteiga, alho e cebola', 'carne'),
(1140, 'Arroz com carne moída e ervilha refogados com cúrcuma', 'arroz'),
(1141, 'Espaguete no molho de calabresa, bacon e coentro fresco', 'macarrao'),
(1142, 'Couve refogado no azeite com alho', 'salada'),
(1143, 'Salada crua (tomate, cebola e alface)', 'salada'),
(1144, 'Abacaxi em rodelas com raspas de limão', 'acompanhamento'),
(1145, 'Farofa especial da casa', 'acompanhamento'),
(1146, 'Farofa especial da casa', 'acompanhamento'),
(1147, 'Carne assada acompanhada de batata corada', 'carne'),
(1148, 'Tomate e cebola em cubos com azeite e manjericão', 'salada'),
(1149, 'Batata salte com alecrim', 'acompanhamento'),
(1150, 'Batata doce frita passadas em queijo parmesão e orégano', 'acompanhamento'),
(1151, 'Bife grelhado na chapa com cebola', 'carne'),
(1152, 'Lombo assado servido ao molho de laranja', 'carne'),
(1153, 'Lombo recheado ao molho madeira', 'carne'),
(1154, 'Repolho refogado com cenoura e coentro', 'salada'),
(1155, 'Cupim assado ao forno acompanhado de refogado de cebola e coentro na manteiga', 'carne'),
(1156, 'Couve refogada com cebola e alho', 'salada'),
(1157, 'Macarrão parafuso ao molho com frango e bacon', 'macarrao'),
(1158, 'Farofa de banana', 'acompanhamento'),
(1159, 'Salada de tomates e rúcula', 'salada'),
(1160, 'Macarrão penne à carbonara', 'macarrao'),
(1161, 'Lombo assado ao forno', 'carne'),
(1162, 'Legumes cozidos com ovos e azeitona', 'salada'),
(1163, 'Macarrão espaguete ao alho e óleo com ervas', 'macarrao'),
(1164, 'Fígado assado com refogado de cebola,tomate e pimentões verdes', 'carne'),
(1165, 'Filé de frango na chapa com cebola e alecrim', 'carne'),
(1166, 'Macarrão penne com salsicha', 'macarrao'),
(1167, 'Carne ao molho barbecue', 'carne'),
(1168, 'Cupim no creme', 'carne'),
(1169, 'Cupim assado e acebolado', 'carne'),
(1170, 'Filé de frango amanteigado com ervas', 'carne'),
(1171, 'Creme de frango', 'carne'),
(1172, 'Purê', 'acompanhamento'),
(1173, 'Macarrão espaguete ao molho de ervas', 'macarrao'),
(1174, 'Batata doce chips frita', 'acompanhamento'),
(1175, 'Acelga tropical', 'salada'),
(1176, 'Beterraba cozida ao molho cítrico', 'salada'),
(1177, 'Salada de legumes cozidos', 'salada'),
(1178, 'Filé de frango grelhado com cebola e alecrim', 'carne'),
(1179, 'Parafuso com bacon e calabresa', 'macarrao'),
(1180, 'Parafuso com calabresa e ervas', 'macarrao'),
(1181, 'Cupim assado ao creme', 'arroz'),
(1182, 'Cupim assado ao creme', 'carne'),
(1183, 'Carne de sol acebolada na manteiga de garrafa', 'carne'),
(1184, 'Filé de frango grelhado acebolado', 'carne'),
(1185, 'Macarrão espaguete ao molho com salsicha e ervas', 'macarrao'),
(1186, 'Macarrão parafuso ao molho com bacon e cebolinha', 'macarrao'),
(1187, 'Cupim assado ao forno acompanhado de refogado de cebola', 'carne'),
(1188, 'Frango desossado acompanhado de molho barbecue', 'carne'),
(1189, 'Batata doce chips', 'acompanhamento'),
(1190, 'Salada de tomates e manjericão no azeite', 'salada'),
(1191, 'Salada de tomates e manjericão no azeite', 'salada'),
(1192, 'Carne de sol na chapa', 'carne'),
(1193, 'Risoto de frango com milho e cebolinha', 'arroz'),
(1194, 'Repolho refogado com cenoura no azeite', 'salada'),
(1195, 'Arroz com cenoura e ervilha', 'arroz'),
(1196, 'Macarrão parafuso ao molho com bacon crispy', 'macarrao'),
(1197, 'Filé de frango na chapa com refogado de cebola e manjericão', 'carne'),
(1198, 'Filé de frango ao molho branco com cubos de bacon', 'carne'),
(1199, 'Macarrão penne com frango', 'macarrao'),
(1200, 'Lombo ao forno ao molho com batatas', 'carne'),
(1201, 'Baião de dois', 'feijao'),
(1202, 'Cenoura agridoce', 'salada'),
(1203, 'Carne à jardineira', 'carne'),
(1204, 'Macarrão espaguete ao alho e óleo com ervas finas', 'macarrao'),
(1205, 'Cenoura ralada com acelga', 'salada'),
(1206, 'Legumes refogados (repolho e couve-folha)', 'salada'),
(1207, 'Filé de frango acebolado', 'carne'),
(1208, 'Posta de peixe grelhado', 'carne'),
(1209, 'Macarrão parafuso ao molho de tomate', 'macarrao'),
(1210, 'Batata salteada', 'acompanhamento'),
(1211, 'Carne de sol ao creme', 'carne'),
(1212, 'Macarrão talharim com presunto e ervilha', 'macarrao'),
(1213, 'Legumes amanteigados', 'salada'),
(1214, 'Panqueca de frango ao molho branco com gergilim', 'carne'),
(1215, 'Polpertone ao molho de tomate', 'carne'),
(1216, 'Macarrão penne ao molho de queijo', 'macarrao'),
(1217, 'Legumes salteados', 'salada'),
(1218, 'Batata doce com calabresa', 'acompanhamento'),
(1219, 'Filé de frango à pizzaiolo', 'carne'),
(1220, 'Macarrão espaguete com salsicha à juliene', 'macarrao'),
(1221, 'Macarrão talharim à portuguesa', 'macarrao'),
(1222, 'Escondidinho de macaxeira com charque e queijo coalho', 'acompanhamento'),
(1223, 'Macarrão parafuso ao molho sugo', 'macarrao'),
(1224, 'Frango grelhado amanteigado', 'carne'),
(1225, 'Macarrão massa caseira à bolonhesa', 'macarrao'),
(1226, 'Salada de legumes à portuguesa', 'salada'),
(1227, 'Bolinho de carne moída à parmegiana', 'carne'),
(1228, 'Isca de carne ao molho chinês', 'carne'),
(1229, 'Macarrão espaguete à parisiense', 'macarrao'),
(1230, 'Linguiça toscana na brasa', 'carne'),
(1231, 'Bolinho de carne ao molho barbecue', 'carne'),
(1232, 'Filé de frango grelhado na manteiga com alecrim', 'carne'),
(1233, 'Frango ao molho com calabresa', 'carne'),
(1234, 'Filé de peixe grelhado', 'carne'),
(1235, 'Rocambole de carne recheado com queijo', 'carne'),
(1236, 'Lombo assado ao molho mostrada', 'carne'),
(1237, 'Polpertone recheado ao sugo', 'carne'),
(1238, 'Salada de verdura', 'salada'),
(1239, 'Isca de carne ao molho chinês', 'carne'),
(1240, 'Acompanhamento', 'acompanhamento'),
(1241, 'Macarrão espaguete ao alho e óleo com calabresa', 'macarrao'),
(1242, 'Peixe em posta grelhado ao azeite', 'carne'),
(1243, 'Penne com carne', 'carne'),
(1244, 'Macarrão penne com carne', 'macarrao');

-- --------------------------------------------------------

--
-- Estrutura para tabela `session`
--

CREATE TABLE `session` (
  `id` int(11) NOT NULL,
  `token` varchar(256) COLLATE utf8_unicode_ci NOT NULL,
  `usuario` int(11) NOT NULL,
  `data` date NOT NULL
) ENGINE=MyISAM DEFAULT CHARSET=utf8 COLLATE=utf8_unicode_ci;

--
-- Fazendo dump de dados para tabela `session`
--

INSERT INTO `session` (`id`, `token`, `usuario`, `data`) VALUES
(1, '622daa468015001c40f455ce73e5293a', 1, '2017-12-29'),
(2, '1c89064014fecd8039f2beb6798c6be2', 1, '2017-12-30'),
(3, 'cd5ad76b1128473ff229bd43a770bc96', 1, '2017-12-30'),
(4, '4b9610f5c14114ccdf9888a0ff555fd3', 1, '2017-12-30'),
(5, '731fa460a71ef93fcdf8548f1927d6de', 1, '2017-12-30'),
(6, '91094f8c6f80bf0559249679e46c2eaa', 1, '2017-12-30'),
(7, '1ca154ebe881b86db23fa10495eb6cd8', 4, '2018-01-02'),
(8, 'b8c3152d64f25d1543449dab495a23e2', 3, '2018-01-02'),
(9, 'c4ad2cdf967875a7ceceb2fe3b110a05', 3, '2018-01-02'),
(10, '8c2865b7eb004da79398d279465dd800', 4, '2018-01-03'),
(11, '413a71e697545a36070610c858faf8f8', 3, '2018-01-03'),
(12, 'b77cb5c668a8674a64a30536604cfcc6', 1, '2018-01-04'),
(13, 'c30278a94b04a744d0119b2a79b8bb96', 3, '2018-01-04'),
(14, 'd0af7f98efce1cf963d9fab4aa679c4a', 1, '2018-01-05'),
(15, '3d3cb3c5295e1ca9b12be2fc3c30eec8', 3, '2018-01-05'),
(16, '5a27d7f0c387eb03f6bcb0061ba5a79f', 3, '2018-01-05'),
(17, '472dca8e634939e4590c67d5f95743c4', 3, '2018-01-05'),
(18, 'aadda553f19d0fbc5c5428fcf71db124', 3, '2018-01-06'),
(19, '41df364e9473d9a77ed615d95c247a08', 1, '2018-01-06'),
(20, 'c95c2809ddf31e273294415f3962a267', 3, '2018-01-07'),
(21, '7618704625a28fb9fe1f90ba19fc4e23', 3, '2018-01-08'),
(22, '5bdd28fcd88258cd841c5432cc7af009', 1, '2018-01-08'),
(23, 'b52532d2776fbb0163330200c57cdae2', 5, '2018-01-08'),
(24, '648380b80c44887dd9c6480b3e597e62', 1, '2018-01-08'),
(25, '286720d9a3259c45608275d783f87b7b', 5, '2018-01-08'),
(26, '91b95a0fffaf3f35bdb66388bf565e7b', 5, '2018-01-08'),
(27, 'da6bd5531471fb5d6aff11b8ab06e3cd', 5, '2018-01-08'),
(28, '71e1bdda07ab76b3f21f705719302c67', 3, '2018-01-09'),
(29, '80d759bb1d49c5c52d0179bfac34aad5', 5, '2018-01-09'),
(30, '90c3aeaaa926e54e96616a2532b38277', 5, '2018-01-09'),
(31, 'f1338602f64e2a2112c407f41635b5c6', 3, '2018-01-10'),
(32, 'f38f4b0dddb2834b1541c09407518099', 5, '2018-01-10'),
(33, 'b8a45a2305ae66baf038d8d78d1b3c90', 5, '2018-01-10'),
(34, '2bd0128713cf6a084dc013729caec706', 1, '2018-01-10'),
(35, 'dbad552368b35fa31a382090868406a2', 8, '2018-01-10'),
(36, 'd8b07af8f6ea6f1f0c6539afbf43cfe8', 10, '2018-01-10'),
(37, 'a10b97c3a8f99c7b481e21cc563d9f2d', 7, '2018-01-10'),
(38, 'a6c71f01721cad93d8792bef61b122b3', 3, '2018-01-10'),
(39, '90089ed836ce80f06cb060ae0bbd83c3', 3, '2018-01-11'),
(40, '255a255b8c777f5d0def57557a25eaeb', 5, '2018-01-11'),
(41, '35ea917055e058e55eccaedf5858c5bb', 8, '2018-01-11'),
(42, '04c4a2d52f9dc13ee59d8002096fcc50', 1, '2018-01-11'),
(43, '032d7b0811048488b778d79d7f25e4bf', 11, '2018-01-11'),
(44, '1e3e917fc0554246d973646093849007', 12, '2018-01-11'),
(45, '43cc321529c9ee1c5c1ca0acec91e6ba', 10, '2018-01-11'),
(46, '4956e09cee652b39776da05bb9332f00', 3, '2018-01-12'),
(47, '3698985bc58ee244477f6f77118249f9', 5, '2018-01-12'),
(48, 'c5e658715c44b0c0326482267c5c622f', 11, '2018-01-12'),
(49, '77b9a822ec62864b0387546d5fb9b7dd', 13, '2018-01-12'),
(50, '7c1408952f50e309a379a7a1f064167a', 1, '2018-01-12'),
(51, '02d8894f653ebb3c55fc5f388a619bb6', 8, '2018-01-12'),
(52, 'bb38082d9eec204c7440d0004cb9ba8d', 8, '2018-01-12'),
(53, '089520c138f3de8a179bd2ad7c58560d', 5, '2018-01-12'),
(54, 'ee613c54981bf132bc06df68895eeb45', 3, '2018-01-12'),
(55, 'b0f19521bb9674474728c070b8e517d3', 5, '2018-01-13'),
(56, '649aa2897d049cbe9a46a9470d917748', 5, '2018-01-14'),
(57, '33a6ed06265b35dfb88011553cec1326', 5, '2018-01-14'),
(58, 'cd29e28553a86f8bacf41a7ee9fff59b', 5, '2018-01-14'),
(59, '7361c3b8f87f57fe90ab8809f1e9273b', 3, '2018-01-15'),
(60, '56db49f7d386310240d04daa8d548ea7', 5, '2018-01-15'),
(61, 'd9f5c3b5234eacb3ef794d62d4a5b79e', 5, '2018-01-15'),
(62, '0259ba0d826b37eaaf53b1e5bb77f6c6', 11, '2018-01-15'),
(63, '04e25423ec4db695c2b9ad91881fc8bc', 3, '2018-01-16'),
(64, '5ec66547f4a4b70677d1fbb3c04ed2bd', 5, '2018-01-16'),
(65, 'a6df5813a5d67ed0c34e4342ccd240c3', 5, '2018-01-16'),
(66, 'a18df79ce8a63c299ca061ebe48b860e', 11, '2018-01-16'),
(67, '0e83f007d8651aea70e8854bc374b036', 14, '2018-01-16'),
(68, '184245787869be38587e5bcceb8446cf', 3, '2018-01-17'),
(69, '2d1bb7015f9158ecc701eff430a43749', 5, '2018-01-17'),
(70, 'f7aac2fe58e06c8c30fec6567acea52e', 5, '2018-01-17'),
(71, '7cdeaeffcf7a69d506969311cd756a19', 11, '2018-01-17'),
(72, 'a9f09c0846f32a7cfb663f66187b11bc', 5, '2018-01-17'),
(73, '17ea478f996578455ee55798e8f2afcc', 3, '2018-01-18'),
(74, 'efbea5f61d75203c079c624bc07271e5', 5, '2018-01-18'),
(75, 'c672f46ef01a2c44c90e5552c0ac4ecf', 5, '2018-01-18'),
(76, '20b6928aa7cd2672d2244ec92d35e074', 3, '2018-01-19'),
(77, '85ebe75f760512c82573d6013dff1819', 5, '2018-01-19'),
(78, '9704bcd0cbc86745fc30924c5707e903', 5, '2018-01-19'),
(79, '9b4f0b3b669dfe2db621db92c139bc83', 11, '2018-01-19'),
(80, '0cdd2d50cc10807338a0b9a9b076638f', 5, '2018-01-19'),
(81, 'e4fa26df480aee73d16e86b803d74a49', 3, '2018-01-20'),
(82, 'a550cbef3d876571f4951fc06cc5855c', 5, '2018-01-20'),
(83, 'b0765133047212453e538286b8c466b6', 5, '2018-01-20'),
(84, '38e8f0cc54859aabd311ba394747ba73', 5, '2018-01-20'),
(85, '3b73a1d9c95c5ede8761c2ee7b8ab57e', 5, '2018-01-21'),
(86, '020672dfbbf4a20b9f4513ba25dac840', 5, '2018-01-21'),
(87, 'd191e7f008f3187b3eb21c768a89b85e', 3, '2018-01-22'),
(88, '605b6019045de88f15df5e947252ed49', 5, '2018-01-22'),
(89, '9354406522ab314f3707452b613b6a23', 5, '2018-01-22'),
(90, '8726126b008a1fb4a67ab2423ccfbba1', 5, '2018-01-22'),
(91, '64ae32b51f001317541cdf68437e56f1', 3, '2018-01-22'),
(92, '58513f25067d9b290f2c8b02653c0a0b', 1, '2018-01-22'),
(93, 'e2dd3f028566b4b33996c1fe2142c6c7', 3, '2018-01-23'),
(94, 'ea9227875ca1b14cbc46db7c5cf6df04', 5, '2018-01-23'),
(95, '1d8ebf265111840494709aaf3cf60c6c', 5, '2018-01-23'),
(96, 'f09d045e6994d05504686e443fdec385', 15, '2018-01-23'),
(97, 'b818b20797a9a8697f2b4d25f1c193f8', 3, '2018-01-23'),
(98, '7893f95475092f3f588813fefb38b64b', 5, '2018-01-24'),
(99, 'd09a536e7dd0906d87726c9b88def766', 15, '2018-01-24'),
(100, '65a0c0665caed97d6b41906f2986c102', 5, '2018-01-24'),
(101, '56b9b3027c6553b23c8d5f4578a6b9f2', 3, '2018-01-25'),
(102, '3c052d9c762356927f2d4815874536e4', 5, '2018-01-25'),
(103, 'a7951f232c1a3522f54641d2ea984317', 5, '2018-01-25'),
(104, 'f2514238afc466db352fa9788c904eba', 11, '2018-01-25'),
(105, 'b528929860aff6f78f13f09e248f73e3', 3, '2018-01-26'),
(106, 'e0cc09f202db88402fbddc08a4e4cd57', 5, '2018-01-26'),
(107, '81794b9c0d975edd2ab6f8cbfa1af608', 5, '2018-01-26'),
(108, 'b43ba31ea46d58c2e2fba113ad185423', 16, '2018-01-26'),
(109, '40a41cf291b36ec7b9bd7aba05f4ecd2', 3, '2018-01-27'),
(110, '2d2b714a50d0c7d9bc2c4f27f249489f', 5, '2018-01-27'),
(111, '3b8eb77cfd60852efcfd9d47207377e3', 5, '2018-01-27'),
(112, '73f772da7301c404af804660659792dd', 17, '2018-01-27'),
(113, '51acefe9b6899bd4ccef6dabebd4638d', 5, '2018-01-27'),
(114, '9fd3be18f03640d1870892e4657d6c2a', 5, '2018-01-27'),
(115, '76c4ad3f77598dd2ecb8e57f351d6864', 5, '2018-01-28'),
(116, 'e0f7d0bdf6eebceff7640b431a113eb3', 3, '2018-01-29'),
(117, '760904697c19c57414e6ca7663f552a2', 5, '2018-01-29'),
(118, 'a4ccc7d8808472e863db9be23dc18e2c', 5, '2018-01-29'),
(119, '7e3c17fdaf9050e792ab0e5ffd784ed5', 13, '2018-01-29'),
(120, 'f0444d1dfcd27b8e9706679cfd2e8b5e', 3, '2018-01-30'),
(121, 'd346de13158165ffc71fcbd7f505ac61', 5, '2018-01-30'),
(122, 'a2c564a3857e99187222712bf723407f', 5, '2018-01-30'),
(123, 'dd3dd0a30fce78f775c18d8c4ee84e44', 5, '2018-01-30'),
(124, 'b4d3a444b8365cb05d493708c3bc1d71', 19, '2018-01-30'),
(125, 'a960c96e3dbcc8eea03d6b7e58d917b8', 19, '2018-01-30'),
(126, '4a1db33e6907b7429be7f2bc6c4353f4', 5, '2018-01-30'),
(127, '0a28a836fbfad361b2d060d9dcbca4af', 3, '2018-01-30'),
(128, '548610c39751762d5bbea696e55290e0', 5, '2018-01-31'),
(129, 'd966047fa6e8c33cc50fc0d7ac981266', 20, '2018-01-31'),
(130, '26cf216fe15402fc20636c6c2d870850', 3, '2018-01-31'),
(131, '855d5126dcb2f89c1d54d83cf3dce896', 5, '2018-01-31'),
(132, '52934a930606aa84c6858c05f8c37219', 21, '2018-01-31'),
(133, '515ce9d000b56ae1d46048bb5d0f8a37', 5, '2018-01-31'),
(134, '11ec22dc99d3ebc0ff55395f0ef2a5fd', 3, '2018-01-31'),
(135, '185f718d3962fb6e39488d1292df90dc', 22, '2018-02-01'),
(136, '0f0efcd72c032b322e74cd11cd81733a', 5, '2018-02-01'),
(137, '66a8f9a51bb85e5141887454d6a26743', 5, '2018-02-01'),
(138, 'd1928852604fe130d7c5253b3b83cba1', 3, '2018-02-01'),
(139, 'd738cb9e7770eb36d254023819d89b3b', 23, '2018-02-01'),
(140, 'd41571e9be6e1ea5d923ed1a4a9782a8', 5, '2018-02-01'),
(141, '6fe233bc8f6db52f28a479768a49daeb', 3, '2018-02-02'),
(142, '3255082dd5b0dd943db325f30297107e', 5, '2018-02-02'),
(143, '2c6a79aed372b96fb551433e4328fc9f', 15, '2018-02-02'),
(144, '35b54d803db208370e67c69d85ce38f8', 21, '2018-02-02'),
(145, '69f3a771ddabe1b6f86729b8d8155ebf', 24, '2018-02-02'),
(146, '04001d2ea2fbbcd815ffd2e3a8b10e77', 3, '2018-02-02'),
(147, '0dfeae8fac6a30cd65a51f48eea6594a', 3, '2018-02-03'),
(148, '252dcc8bf1564383214cdc5c0fccdddb', 5, '2018-02-03'),
(149, 'd7ffdb584520e8ee75ebe2fa1875e063', 5, '2018-02-03'),
(150, '6283737375ef70520fad194b5a3d725c', 25, '2018-02-03'),
(151, '5a939616fe8cfe70b13c2f1c38b54e85', 5, '2018-02-03'),
(152, 'dedf5b8d3a01d8bd4148b40001bf31cd', 26, '2018-02-03'),
(153, 'd01cecfbabd7a090d923f260c5585972', 27, '2018-02-03'),
(154, '0d2786940bb50e886259ca6c349511be', 3, '2018-02-05'),
(155, '994e6e94e8089b8d61052f92bc41f45a', 5, '2018-02-05'),
(156, '0964e27258dbbdce34d373d3cc2f69e0', 5, '2018-02-05'),
(157, '7d22da99c578c8c1527767d6344c995b', 5, '2018-02-05'),
(158, 'f1447b5cf53751abee648bdddf823494', 17, '2018-02-05'),
(159, 'a5c571c3356a9d81bf659ae910845b8f', 27, '2018-02-05'),
(160, '7498f1d39092031f8bd0ce0f121a99ff', 5, '2018-02-05'),
(161, '32139c48dda252f1689169ad77b054fc', 29, '2018-02-05'),
(162, '27b6c59ab3c28995531f17a52bdad2db', 3, '2018-02-05'),
(163, '7300334bcc91ebed3d9b61e71e600970', 5, '2018-02-06'),
(164, '501a5a90fae0e5a9b4a69e586ed3efb2', 5, '2018-02-06'),
(165, '6c2fd0922426bf745ab4e04e5cde7294', 5, '2018-02-06'),
(166, '292d4900c92dd5a76886d5f0066cb32b', 25, '2018-02-06'),
(167, '813bc4bfcd9e1ab97e34b91019cdfe2e', 30, '2018-02-06'),
(168, '8470f29a3aa23babba69d775e7fd9cec', 31, '2018-02-06'),
(169, '3d876356b67fadf08fa402d94587c6fe', 3, '2018-02-06'),
(170, 'c701e248369e953d54d68866e09372c6', 5, '2018-02-07'),
(171, '75f7aee4cf38a6b0862f3a69be10b1df', 5, '2018-02-07'),
(172, 'ceced8adf943bb409e961cb19f0f72a0', 5, '2018-02-07'),
(173, '294cfd87cee6be3abb8e92daad34e929', 32, '2018-02-07'),
(174, '51b30c3226622ef6958437824d04d967', 33, '2018-02-07'),
(175, 'aa6f5fbde4841a04c34dd9cfa5a471bc', 34, '2018-02-07'),
(176, 'ee0ea326a4662f9c51073479eeb04dae', 35, '2018-02-07'),
(177, '92ddb76431c86f1dba3c0b4445c0cda2', 5, '2018-02-07'),
(178, '42b8c8b3f10f92878602bc2b8a9a6266', 31, '2018-02-07'),
(179, '31bca394d0fc5bef58d037859fde9019', 3, '2018-02-07'),
(180, 'ac89b663e326283846ed3e69676eff0a', 5, '2018-02-08'),
(181, 'b1862b7151a019c99b516b6e8380cb2a', 5, '2018-02-08'),
(182, '9a78f1a8abe5d4e60d686bbf01e15899', 5, '2018-02-08'),
(183, '1550eb3c733b75571c4a4a82ea895bf9', 31, '2018-02-08'),
(184, '440d35614df7c20807f05b10165a328c', 3, '2018-02-08'),
(185, 'f8d2f8f582addd3bbdaa4eb683bd28e5', 5, '2018-02-09'),
(186, 'dab9f6937f475d3dbf43882dc1760bd1', 5, '2018-02-09'),
(187, '790ba36fe7f67592a2b8e0ab43847a69', 5, '2018-02-09'),
(188, 'b23161f3cc17f83e32075339b417814a', 17, '2018-02-09'),
(189, '02c232ea57353c9d7d674ca2a18e4e51', 36, '2018-02-09'),
(190, 'a8617b78c4520e056e76fad7dd7f0f41', 36, '2018-02-09'),
(191, '20f5fcbbf037de20ebcdb61ce58b0c0e', 37, '2018-02-09'),
(192, '67687e07f0f7993494654a6c4d323e02', 37, '2018-02-09'),
(193, '674edf0b825642c4002cc7024e1b18eb', 3, '2018-02-09'),
(194, 'c70c4f8274e80082bf09a44962d748b6', 5, '2018-02-10'),
(195, 'de0adbde6ad5fd3ba4811b557a5067db', 5, '2018-02-10'),
(196, '8272ba3cd46095887309763ef3ae01dd', 38, '2018-02-10'),
(197, 'd4e4bcd770d9f57e094124ee3d9ec6ed', 21, '2018-02-10'),
(198, '89aaee5fbcebcbee207c84e8b3af07ac', 5, '2018-02-11'),
(199, '756f7b026561456169613ef1587467d7', 5, '2018-02-11'),
(200, '5ffe540c3b8b1f1be1600d3aff1e74f1', 3, '2018-02-11'),
(201, 'bf0290f66cb2f69ace6f606e31d60839', 5, '2018-02-12'),
(202, 'dcdcf2defce8a0f932369f906c08bac7', 5, '2018-02-12'),
(203, '1abae54bcb17129be0d98e85b7ea94c8', 5, '2018-02-12'),
(204, 'e303ffd344e9d034de486b8d93ddc394', 3, '2018-02-13'),
(205, 'c3fc453799ea7dd8af6478242107b74d', 25, '2018-02-13'),
(206, '28e8da5ea6790d444e7666649bc24e54', 41, '2018-02-13'),
(207, '9c9d6b9be3f7cd4393c88be14bc062dc', 40, '2018-02-13'),
(208, 'f4fea53305c2f3a9ea13877bd1e56da1', 21, '2018-02-13'),
(209, 'b378d4439274636225319be36ffa6200', 42, '2018-02-13'),
(210, '2a0507e42cf0d4491d07bf1a014a3c6c', 43, '2018-02-13'),
(211, 'c5c6bebb8deedd8ddc9bb5f270a9bb70', 3, '2018-02-14'),
(212, '30c20e322e5e34b8f4329d0d1caa99fa', 5, '2018-02-14'),
(213, '020b576f838140b329677d9a3ec8aa75', 5, '2018-02-14'),
(214, '8a67d99218a2c81282f3fca0bde204eb', 5, '2018-02-14'),
(215, '78d05a3c6d772c62ecf4c4428924d267', 41, '2018-02-14'),
(216, '0a001fa0129f71dc6c05b0710072e64d', 40, '2018-02-14'),
(217, '5b14477518f82782dd41c846f3b93230', 5, '2018-02-14'),
(218, '9faed71b2e8cfe9467f8f8f2eb641e76', 3, '2018-02-15'),
(219, 'bc7bfd2a9223c2405e2534ecf948872e', 5, '2018-02-15'),
(220, '4f0e7d0cef64e20fe4f575f92a0f945d', 5, '2018-02-15'),
(221, '0665d4ee996be86cc7376beffd059b07', 5, '2018-02-15'),
(222, 'de7b55d701750ac96ce80f35f4f9d9c9', 13, '2018-02-15'),
(223, 'acbaff3f92193a1aadcedf79786832cf', 3, '2018-02-15'),
(224, '2d2ec447af9dc216895a459273222a8b', 5, '2018-02-16'),
(225, '3dcb31d81198a7d30b120d44ebb5d2b2', 5, '2018-02-16'),
(226, '12356d91835a56fe00aed9dccbe91ea9', 45, '2018-02-16'),
(227, '692f3ac7df3c11551acd5d8c7b1d6845', 5, '2018-02-16'),
(228, '518346feca954c404f3468c7de75b75e', 36, '2018-02-16'),
(229, 'c8e97200f36174367124c2d00c370b3e', 5, '2018-02-16'),
(230, '2a50f2a62108c3eafac14bb425753cb6', 21, '2018-02-16'),
(231, 'c101a01fd7d1aadffd05086952fe557f', 5, '2018-02-16'),
(232, '7ef6c766bc229bd0676db3490ef9be70', 3, '2018-02-17'),
(233, 'a54c42561c3c5b77a3ef1a26de229b1e', 5, '2018-02-17'),
(234, '8e9e3f422f5ba72e45a6d5aed7cc1637', 5, '2018-02-17'),
(235, '319320d213ad69d82b2d1b5de0592956', 5, '2018-02-17'),
(236, '47f17c44fdafd5828e36ace2b3be41aa', 41, '2018-02-17'),
(237, '43eb205f3cf6b91f2104e2c600aa4ab0', 5, '2018-02-17'),
(238, '4e1fc2c48b810934b3df60bf26b0ddea', 5, '2018-02-17'),
(239, '23553a20608c68e23e645db16f631566', 46, '2018-02-17'),
(240, 'fa8fbde2f33521b0672d384ecf805e2a', 46, '2018-02-17'),
(241, '209020c39ac3dfe57b3dd4f69c4068f8', 46, '2018-02-17'),
(242, '1546198cb62fff5ed5ebf6d91e2f8638', 47, '2018-02-17'),
(243, '0716b8f5a29afd8c77e111c40e087c9e', 3, '2018-02-18'),
(244, '14aa6914035b93b7da6e05e6158f5fbd', 5, '2018-02-19'),
(245, '92ba82a5fe0b72586bbed0727713fe3f', 5, '2018-02-19'),
(246, '40810564d6d8a75a3c8ab48090d2caaa', 5, '2018-02-19'),
(247, 'cb20c274d37e8afdb51bc59e0689a86c', 48, '2018-02-19'),
(248, '52d497fbc1a6f6b04faf6786b67b5102', 5, '2018-02-19'),
(249, '7ec710c54ceee27bf37656a17a8b002a', 46, '2018-02-19'),
(250, '77f57cd370d3c108245f922a9a4d0aa9', 5, '2018-02-19'),
(251, '68f86ae9d0cff9a3d436b800613e8a32', 3, '2018-02-19'),
(252, 'f456647b3e6a0f217281af2e7e428893', 5, '2018-02-20'),
(253, '6525cd2616a611d0983deb6f9d2971d3', 5, '2018-02-20'),
(254, '0b12c25763a918af31fa5414fab25ad2', 5, '2018-02-20'),
(255, 'd78ace08515beef9bc65dda5c5a8490d', 49, '2018-02-20'),
(256, 'b967210181d4b3212a23f273afeadccf', 3, '2018-02-21'),
(257, 'b066033d18c8b8ce106f8c775f318164', 5, '2018-02-21'),
(258, 'da4f06536bbd6928ccd25e38ab5416b0', 5, '2018-02-21'),
(259, '96aed2c46b2fda2d0068ff80f3cbe7a4', 5, '2018-02-21'),
(260, 'f50c1036cb98b6e326d46d55d01d5172', 50, '2018-02-21'),
(261, 'c78b19c8358f7969f2615f63aa8d047c', 51, '2018-02-21'),
(262, 'b6850bd3d95bb0e7cb124a8fc9aa1417', 52, '2018-02-21'),
(263, 'e6cdcfe546600ed23dae2cb822a1faf1', 5, '2018-02-21'),
(264, 'df3c23318b1e4a773a13b7c98c771ff6', 53, '2018-02-21'),
(265, 'bc7cd555839f62f2ff4642c982050f43', 31, '2018-02-21'),
(266, 'bb85d4d62c20eefec73a00a28cd545cd', 5, '2018-02-21'),
(267, '23ac9f4fe690fadf9ddbd6775ec30560', 3, '2018-02-22'),
(268, '243f80e422d527eaca21c58f222a775e', 54, '2018-02-22'),
(269, '439244a9e2dc7b638ba55406927fc2ec', 5, '2018-02-22'),
(270, '48ff940506dade4916995297b517889d', 5, '2018-02-22'),
(271, '1e684ac16dfdc3cdd059356f4054ceee', 5, '2018-02-22'),
(272, '3fdcf83ae31abf8187869edd504deee3', 55, '2018-02-22'),
(273, '12abc08ce8afa0f852ebde3076d8a8c3', 56, '2018-02-22'),
(274, '3cbcd8c53bf5978f19f991f4f36f57d5', 5, '2018-02-22'),
(275, 'fd57d88a1c4fa70bd91353ebae5ba992', 52, '2018-02-22'),
(276, '99f79d4b36f0e74306e07f0e18ddba83', 10, '2018-02-22'),
(277, '21a21fd729ae2bf385354743fb5944fe', 51, '2018-02-22'),
(278, 'a9f1b53bd8fefe1241b44d32a9a2662b', 3, '2018-02-22'),
(279, '2a5d45cf9359c9a758d289589d30225e', 5, '2018-02-23'),
(280, 'e3981128622663b72100e735d4341f2d', 5, '2018-02-23'),
(281, '1210475f1a32ed9f3c9770b1c0978d0e', 5, '2018-02-23'),
(282, '8c132c01138e4ec8a9a79993f8294215', 3, '2018-02-24'),
(283, '9d976da10c440962a3e692a4b8ed8b03', 5, '2018-02-24'),
(284, 'f8e6d64489a3716c23acd6dbd5caf8de', 5, '2018-02-24'),
(285, 'c1993060d0801b2e33614a1fe322ed5f', 5, '2018-02-24'),
(286, 'c7339527008315ed8fd7538427b8a919', 57, '2018-02-24'),
(287, '75546889e919af2c054745cdd31f152f', 5, '2018-02-24'),
(288, '66d4ad5f9351109725e6b750b3a582bf', 51, '2018-02-24'),
(289, 'fdca4aa9bc659669d59762e911598434', 46, '2018-02-24'),
(290, 'e4930657682377cdda4687699bce6c38', 46, '2018-02-24'),
(291, '086f0637a1f5ee85b41263766c710f78', 5, '2018-02-24'),
(292, '6e1a67f2d6a09d1a7337f657af62b962', 5, '2018-02-25'),
(293, '39544b718f28422c45f526984fc39661', 3, '2018-02-25'),
(294, '3bc70a4a1983bc5cd4b785a80e409898', 5, '2018-02-26'),
(295, '090cac80fb40fea7047f51e7ad6e3ecf', 5, '2018-02-26'),
(296, '2fdf4d4821575e3607dd1c665e099ba4', 5, '2018-02-26'),
(297, 'f8d6727540da99c75403433ff864875b', 58, '2018-02-26'),
(298, '554c37b47a9c82573e8a800fee708345', 17, '2018-02-26'),
(299, '976416a08be42e6ece2b94b38c31714a', 59, '2018-02-26'),
(300, '089b561b4e7bbbfe25ad7235945df6fd', 59, '2018-02-26'),
(301, '8525ca18202d162e22a153fb2ca6795b', 10, '2018-02-26'),
(302, '2859eb85bfe74e538d7ae83355a9bd75', 59, '2018-02-26'),
(303, 'c2acd9c46c50db7672ae5acaca903235', 3, '2018-02-26'),
(304, '5292f08d86955a64095d4c6fe7b14fe0', 5, '2018-02-27'),
(305, '6e4369afdd741b1b25cd54b0e1d5baf3', 5, '2018-02-27'),
(306, '4f185c4b3b0a62acab06a4d87f6e7a57', 60, '2018-02-27'),
(307, 'fde8652f25e27da7acdb4e6cdf7ecb59', 13, '2018-02-27'),
(308, '4c6e5a7cb3316bc1cf7fdfdcb19bb1b0', 30, '2018-02-27'),
(309, '71ae9c32bc078e8041116cbfc0724b0d', 3, '2018-02-28'),
(310, '5d730baf237c07f558d166d73470aa5e', 5, '2018-02-28'),
(311, '086165af8718f5af733c23f90ddae720', 5, '2018-02-28'),
(312, 'c43fc2d9dd9ea658c49900bbe811e03d', 5, '2018-02-28'),
(313, 'eb8695b583d5bbebacb51494b7fbc642', 5, '2018-02-28'),
(314, 'b91a27832266058c07dcb1b02439fcd0', 3, '2018-02-28'),
(315, 'c8cd915717e643f9fb8f95438ce7a741', 5, '2018-03-01'),
(316, '7adf0593b5f3c9c222e027d1aa7f2ee5', 61, '2018-03-01'),
(317, '4a8b7a440af6e8e7ccdfadcc2c0b2baf', 61, '2018-03-01'),
(318, '77a4de468bd54398ff3e8269e2dcd8cc', 5, '2018-03-01'),
(319, '604fb68630a1017afa9c4ee0619412fa', 5, '2018-03-01'),
(320, 'c67788facb1a10f4ae82451442863a50', 62, '2018-03-01'),
(321, '45a7f9b8680382c75a44a6b3ab52e648', 61, '2018-03-01'),
(322, 'ed77ecbff4a2144c01de1f3b7897692a', 63, '2018-03-01'),
(323, 'a517b1a52ea7b3929317e608ba20f54a', 64, '2018-03-01'),
(324, '6b235c091be3f09e47bf135c84e62e34', 65, '2018-03-01'),
(325, '9dd323084ec02277e6bf001940704b93', 5, '2018-03-02'),
(326, 'b23d5d46b06c5f7c1b28f0ae6b3fb669', 5, '2018-03-02'),
(327, '9717cd677dc196348b8e81441975450b', 3, '2018-03-03'),
(328, '26e8dc39f053890509ce273d2ff03b3f', 5, '2018-03-03'),
(329, '3989914ad4094d1c46bae93bcd6740c4', 65, '2018-03-03'),
(330, 'a250e537c5cd27854c896ae605ff95e3', 51, '2018-03-03'),
(331, '08b6e09b9d40c9cff9730f629d7243a0', 5, '2018-03-03'),
(332, 'd013a0bae415c486f0664cddd05bb862', 17, '2018-03-03'),
(333, '036418d5ce41c1672d1e6b9d7a364343', 5, '2018-03-04'),
(334, 'ede847d2f373b41e449b0336c541432a', 3, '2018-03-04'),
(335, '97d22043eb83aea24253c0d04b3bb61e', 61, '2018-03-05'),
(336, 'bdc3391496fc178dc47114ceecd844a9', 5, '2018-03-05'),
(337, 'f5ef5f2de1ac55ba9182c187a036bb8d', 5, '2018-03-05'),
(338, '8d88863dd7fc59bd4ef52566089f2b8d', 5, '2018-03-05'),
(339, '4807ec2313be2721e8546002f1278b31', 63, '2018-03-05'),
(340, '51fcc31736b51942e77aaec02cc42684', 65, '2018-03-05'),
(341, 'bd871e83a0c47ff4497fdcc4c4607a31', 52, '2018-03-05'),
(342, '94f7289bc1656896aad97c21841b5760', 66, '2018-03-05'),
(343, '58de2d9a1e7e7b8a03d43455b33bfb80', 67, '2018-03-05'),
(344, 'ee6f6c4da5d6bf3ff99277aef41d2601', 3, '2018-03-06'),
(345, '7ac476c9433d0314157055a12a70075d', 61, '2018-03-06'),
(346, 'dc2079b4a5557dbb362c53bf8370d865', 5, '2018-03-06'),
(347, '7207968efb72a4733b407c2d0611d105', 5, '2018-03-06'),
(348, 'b34673e7608218a7fb48694d02af173d', 65, '2018-03-06'),
(349, '17892443d0239c4a506003f3096dad67', 30, '2018-03-06'),
(350, '03150b5797a1bf915ea02ab876a5d740', 63, '2018-03-06'),
(351, 'db467366fce215cb042afe13ece3e02b', 60, '2018-03-06'),
(352, 'b19774327e881e481bf417a30622bad1', 51, '2018-03-06'),
(353, '5621f1cf31a550085908c553e1d96479', 3, '2018-03-07'),
(354, 'b7731d03c785bc99f4d1ddbda610e247', 61, '2018-03-07'),
(355, '1a742ba6dbe10874ff4b472724d893b6', 5, '2018-03-07'),
(356, '962da5dc3d45e810bd1e9f81d2c8e3e9', 5, '2018-03-07'),
(357, 'f7508966c04975353169c62b013c382d', 63, '2018-03-07'),
(358, 'f7b9c2d6778ff540d0fe5b34b4a95794', 65, '2018-03-07'),
(359, 'a281de5e32fed830b7ef9dbbb5c65736', 63, '2018-03-07'),
(360, '8d1007b60e9b15cbbae6cea446929392', 17, '2018-03-07'),
(361, 'dde8ec3fa431121b24df2d35fa88192b', 3, '2018-03-08'),
(362, '6b8d3228170e9ffa7a2ec570a48c9fce', 5, '2018-03-08'),
(363, 'aecca1afb1768dec33ad8477bf52fd9c', 5, '2018-03-08'),
(364, 'e8fbe329ceb73a1cb39c0d0b077bc289', 61, '2018-03-08'),
(365, '958cbdd411ad7016d302d9ccdbc3fb28', 65, '2018-03-08'),
(366, 'd24667193531eb6dfb5a307d4b0edc5e', 30, '2018-03-08'),
(367, 'ea93afdee57db86f38ca37ecfc57c88c', 47, '2018-03-08'),
(368, '2421979a7f62b5552f237445cf534ab8', 5, '2018-03-08'),
(369, '28a12de0acfc9c6b8877d33d2fddda41', 3, '2018-03-08'),
(370, '22edd798dd4ef780ada993842a4b7cf6', 61, '2018-03-09'),
(371, '0af863886dd743590e05be512b01feb1', 5, '2018-03-09'),
(372, '6f99524bd4da59b487fbe3c52f44e7e5', 63, '2018-03-09'),
(373, '1b8f74e8f30f7a500532e194def35adb', 60, '2018-03-09'),
(374, 'd862e1d822e7eb0108535a914f50da30', 5, '2018-03-09'),
(375, '9cb9ebe9a039b85b3fc5da182a751956', 70, '2018-03-09'),
(376, 'd7fde9971e03f8683bdc4eccacdcb527', 10, '2018-03-09'),
(377, '7d3e11402fd2b8dc83d6c10b7228e548', 71, '2018-03-09'),
(378, '36c590ea8e26399e4a025641b2b35278', 71, '2018-03-09'),
(379, '07cbfabb6e8d59b685917655d976dbca', 3, '2018-03-10'),
(380, '472f5ff6c01b67ebda8e3d5154086496', 5, '2018-03-10'),
(381, '6340732c5bdc34123e038942578e332c', 5, '2018-03-10'),
(382, 'e50dc8e11be9c0007d8a541b41977478', 65, '2018-03-10'),
(383, '871e948a7d705deacc3221dd88117212', 51, '2018-03-10'),
(384, '0fd7d09fba89ecc1bb2965b1ff5d04bd', 5, '2018-03-10'),
(385, '5f36795e365de43dbcd425ab4fcc5919', 3, '2018-03-11'),
(386, 'edfadc14b15188efc4072bf932af1740', 5, '2018-03-12'),
(387, '424645bcdefc6b38a3131ceb8bf41246', 5, '2018-03-12'),
(388, 'c17f68a0f1a8b4d5bcaaee48c475ce23', 63, '2018-03-12'),
(389, '745917f9d051c0bdd448ebfef98f1730', 31, '2018-03-12'),
(390, '2974d169688151291fb5ec5cb95b2d0e', 3, '2018-03-13'),
(391, '44e275cf0164ac5b206bc44f434ff220', 5, '2018-03-13'),
(392, '83c386db14f3f6389fbb07e07997a58a', 61, '2018-03-13'),
(393, 'dc949505bfc310a2e7680dede4b034b2', 5, '2018-03-13'),
(394, '2f4c1b7f0a7e1277963f834b6fe89e17', 60, '2018-03-13'),
(395, 'c0a0ca6872f9ece42b5e0f263c938921', 5, '2018-03-13'),
(396, '100f66017cc5d71b1f22f75a0515add5', 72, '2018-03-13'),
(397, '2bce735c2066710dd24d4b6530669448', 3, '2018-03-13'),
(398, '8aad416d122d5528aa150a1e63c3e8df', 5, '2018-03-14'),
(399, 'fd6959a7dfa198116dc520d48b24f18d', 61, '2018-03-14'),
(400, '1deb16c8ee80f773bfd75a01b169f02e', 5, '2018-03-14'),
(401, '063de2b5b1652c53a6f8512934e5645b', 5, '2018-03-14'),
(402, 'edda2b5b773ed4f2844b624ca6c22e7a', 35, '2018-03-14'),
(403, '09e7946f1448186397051d02a50b1705', 73, '2018-03-14'),
(404, '34e10375f1725bf2626dbc166132e12f', 17, '2018-03-14'),
(405, '3466418e9a3d066e61ddb31cebb4ebb4', 74, '2018-03-14'),
(406, '42489e3e1047e392dfd8275362e03fba', 3, '2018-03-14'),
(407, '270c02134031ae4d41427eecf7014797', 61, '2018-03-15'),
(408, '114399a3d6aabe3361ec11becad62316', 5, '2018-03-15'),
(409, '4297b5e083753247fcaa3756cb1d7afb', 5, '2018-03-15'),
(410, 'e1918d7c27946ae540353ee029294459', 60, '2018-03-15'),
(411, '1e70992ae7850d605e43264ec5af21a3', 75, '2018-03-15'),
(412, '2957242a64045610bd09cefb5da103e7', 10, '2018-03-15'),
(413, 'ce617046265dec49ac4ec2aa3841f23d', 3, '2018-03-15'),
(414, '5b69beb600a09fdbf6045da97549e4f3', 3, '2018-03-16'),
(415, '7f576f0904821acdc5e82318bb224327', 5, '2018-03-16'),
(416, '22e272aad67e45a279ff12f657b91458', 61, '2018-03-16'),
(417, '4ccb9ff2f62189038b004a4305323c66', 5, '2018-03-16'),
(418, '2fc616f0887bd39272b6f615e554214e', 33, '2018-03-16'),
(419, '568e5a7952da012a74779940910a4b34', 33, '2018-03-16'),
(420, 'dc2200f001d4818fbf421c515e045180', 63, '2018-03-16'),
(421, '90a850ee37b291884b8b01461c945915', 33, '2018-03-16'),
(422, 'fb46193d951973b518fce378defe8ce2', 76, '2018-03-16'),
(423, 'b83d984c2adb8d6c230346f96ff5a234', 3, '2018-03-17'),
(424, '137a67e86fa5aa9fcd65c17ad8c0330a', 5, '2018-03-17'),
(425, 'eaa5f0ece4270d0aff64a775010daa0e', 5, '2018-03-17'),
(426, '240ff8d49e615399ee02b3558dba4a6e', 75, '2018-03-17'),
(427, 'e0f92c2b66cab3db23da1587b649644e', 65, '2018-03-17'),
(428, '0b00101acdd89dae15d3c1d8f533c6f4', 77, '2018-03-17'),
(429, '7f66b571ed241cfb06d5465ad5d04dc8', 3, '2018-03-19'),
(430, '18b6c4cdd3236188e1586d3325240a7d', 5, '2018-03-19'),
(431, 'e5f212498d9efeaf4077293f35100b30', 61, '2018-03-19'),
(432, '6f16a7fac27eb1359bb70b5bc7cda870', 5, '2018-03-19'),
(433, '87d5fa281b728b096735d4c08a3f714f', 43, '2018-03-19'),
(434, '8d12719d440645a5dbb7ae225a631cf5', 10, '2018-03-19'),
(435, '211f505542208ae6769d4ea9847156ef', 3, '2018-03-19'),
(436, '1e5c736844a5ae3158a541337ebe9f16', 5, '2018-03-20'),
(437, '32d36d17a0720b504ab74f281ea1b571', 61, '2018-03-20'),
(438, '0f2cb2f2e79c9aba017af1ab2ef08552', 5, '2018-03-20'),
(439, '3f91588ac60c346a0e9c4d86f5ebe059', 30, '2018-03-20'),
(440, 'a4f6ba0f421d85a58320aef42d862c21', 78, '2018-03-20'),
(441, '6ea4ee9f095e96a9e0c681b2e449b3b7', 3, '2018-03-20'),
(442, 'e6689ade2e413c96af94ddf5bf9f13b6', 5, '2018-03-21'),
(443, 'de268049bd000c4a7e8e8f797c861b0b', 5, '2018-03-21'),
(444, '91139268ed51686a22d4055608da2e22', 61, '2018-03-21'),
(445, '54b3e42a0ab09be027b0ddfcad93024f', 75, '2018-03-21'),
(446, 'fc3e69072da13eabccd1b31ead40dfdb', 3, '2018-03-22'),
(447, 'f344d35518b6414fe8682b348ea5da1b', 61, '2018-03-22'),
(448, '4b1a93bc0f20219d0d62e4e5caf51df5', 63, '2018-03-22'),
(449, 'a607a9e82a60781847562923bf8ea677', 5, '2018-03-22'),
(450, '83f277d5255833fe64d8724c6684b278', 5, '2018-03-22'),
(451, '6e0ec9ef1e7c84cb73d79c8142934213', 79, '2018-03-22'),
(452, 'f61cc4c1d61e9a53540d65ea7ff98b1f', 80, '2018-03-22'),
(453, 'a12d67f8e88dc5629ede93c41ac760a1', 3, '2018-03-22'),
(454, '22a28571a160923afe51dfaac0024558', 61, '2018-03-23'),
(455, '05ff05952095be82cfc8ba530502faa0', 5, '2018-03-23'),
(456, '9f096221d928876c721c7b3b61f889c6', 5, '2018-03-23'),
(457, 'ab0d7b2a74a8ba9fdff1bed93316121b', 63, '2018-03-23'),
(458, '40dde8a39a3d88b0991c34d990b39bb9', 3, '2018-03-23'),
(459, '2f3e0bb8dc8dfd3c411df47b084d4c69', 5, '2018-03-24'),
(460, '8a017e42a15d47febcb0d0338cb5060d', 5, '2018-03-24'),
(461, '05ba3ba18ac7ac17519473ea1e2767f0', 75, '2018-03-24'),
(462, 'adea26034f4bdce3898a5ce17bbabf96', 3, '2018-03-25'),
(463, '0ba891ec99dbb77a1970ce05460c4ffa', 5, '2018-03-26'),
(464, '45dcc15616acaa90034a5e809226b5de', 5, '2018-03-26'),
(465, '50fc55b1873034e62039c404f938e6ea', 81, '2018-03-26'),
(466, '09187927898b55e70539e404747066d1', 5, '2018-03-26'),
(467, 'f6d75f327f99d391d064294d20d51567', 3, '2018-03-27'),
(468, 'd388c334cdb2dd0a6b36bc2036a2f3c4', 3, '2018-03-27'),
(469, 'd1053ca2f38c755d0edcd7dba470bcaf', 5, '2018-03-27'),
(470, '2cd05acf1a02962f64d05b564202593d', 5, '2018-03-27'),
(471, '630fe88e464e0bc01db08e93089a7238', 61, '2018-03-27'),
(472, '348675bb0341345528cf40e42cb9946c', 82, '2018-03-27'),
(473, 'a8f7661dc945574ad4ebd2f4e28a8f8e', 83, '2018-03-27'),
(474, 'b5e5242a7ce68c27caad68230a32fb63', 75, '2018-03-27'),
(475, 'a60218a3088804a67a6e63d575c23306', 30, '2018-03-27'),
(476, '8ea25a57a77cba2c4ec762b88175f545', 63, '2018-03-27'),
(477, '31e0fe1b1f6821218df6189ab67ef6d9', 52, '2018-03-27'),
(478, '331a6f7aa2ff32d82b460018a90e9d5e', 3, '2018-03-27'),
(479, '35596f623878c2934bab30523ae3670d', 61, '2018-03-28'),
(480, '00a732e453faabdd3a9323cdc1fe7718', 5, '2018-03-28'),
(481, 'cea66fbd3c7523d5067f1732e3c397d7', 5, '2018-03-28'),
(482, '3b43f79d386b0b234ec07e901bb908b1', 63, '2018-03-28'),
(483, 'ffbf01b2896de9123d14664ada77b9c9', 60, '2018-03-28'),
(484, '417c50282be35542897f9c4f92f2fffd', 83, '2018-03-28'),
(485, '1b4df30149e441774999c653fbb5e713', 79, '2018-03-28'),
(486, '0fbc9eeffdcb84f919aae5dd1470ae65', 3, '2018-03-29'),
(487, '82156ae419cd00a3eea581c7f6408354', 5, '2018-03-29'),
(488, 'cf7c0d3e2a263244193a5ab432c72843', 61, '2018-03-29'),
(489, '39a72b364a02a6295d309fa7e83d7042', 5, '2018-03-29'),
(490, '657a839aa46676c022c20c447bf7d0b7', 75, '2018-03-29'),
(491, '99084a84c19ad79f9cd660dc7f938440', 10, '2018-03-29'),
(492, '84c3039758dc4057544d34b541086e90', 76, '2018-03-29'),
(493, '8d330e5480f5155c75f01de7589a6e59', 84, '2018-03-29'),
(494, '6f9dd8d249729598521ae482c49710fe', 3, '2018-03-30'),
(495, '8ba99afc86dd65b0a5e2d3910a5b91b0', 5, '2018-03-30'),
(496, '54b054c9a2bf46076a470ea61677e56c', 3, '2018-03-31'),
(497, 'ba95567392e3570f9d637fac79da7ea5', 5, '2018-03-31'),
(498, '7784e5a57da2c27b75f8b199436f2c01', 65, '2018-03-31'),
(499, 'adadea165798eb635e5336f747b3c11a', 65, '2018-03-31'),
(500, 'ddf32f376c6173f5ee688cef718f47d1', 30, '2018-03-31'),
(501, '821c42a878c7b71724851d739686fbf0', 3, '2018-04-01'),
(502, 'a07c26f4deb0acdb848be99addfae856', 85, '2018-04-02'),
(503, '0fbc4ccae638bd423cc92fa1e6cfe5cc', 5, '2018-04-02'),
(504, 'd7f967f6d5d8c7fd9acde9d8c03988ce', 79, '2018-04-02'),
(505, '9c1e3cd81f8041fa753ff83845869454', 5, '2018-04-02'),
(506, '87daaf3829a68e10e6dd1bb626693cfa', 63, '2018-04-02'),
(507, '73dd27df43bd29d988c0ea231afac9c9', 86, '2018-04-02'),
(508, '5b1ecc9d3905a316ee53615abd06f3c8', 86, '2018-04-02'),
(509, '5ca42021d759bf2556ef19a3dae6e8d6', 87, '2018-04-02'),
(510, 'f2904ca5dbfb2c50c7fdba0d5b73b485', 88, '2018-04-02'),
(511, 'd79f7610b585c7b222f48cf713502967', 5, '2018-04-02'),
(512, 'a2afd6378fc61b588d52501832d05524', 3, '2018-04-03'),
(513, 'ae076e571905ff253b765bfcf43d780e', 61, '2018-04-03'),
(514, 'ddc3d813956e8ee00b69f9bdcc587ac5', 83, '2018-04-03'),
(515, 'a0943114d4f0759122e4c89354ee6c3a', 83, '2018-04-03'),
(516, 'd32c766b5d67e6f6ed54190e93ffc8fd', 5, '2018-04-03'),
(517, '29d16c0b084e079d9f7952e8ce8b56f0', 5, '2018-04-03'),
(518, 'd255b73e7a306406619bda00e50ff991', 83, '2018-04-03'),
(519, '37bccd98ab3f974ee83d35f4581d11f8', 30, '2018-04-03'),
(520, 'e52b11e25f00af570d8bf9b7872a7d8a', 89, '2018-04-03'),
(521, 'c9f197076b606cf1359496a9d67bd165', 3, '2018-04-04'),
(522, 'ac35b882ff41c96315083959a81a2016', 5, '2018-04-04'),
(523, '50f1ce753e76d30dc5fc2e5703d04814', 63, '2018-04-04'),
(524, 'abe03caa6aa6d2821cd6d96627037325', 61, '2018-04-04'),
(525, '82ed3e2247b9c8459cc5b284e3a04b04', 83, '2018-04-04'),
(526, 'a7a54b6a9f340bdb2abc780ac1258f6c', 5, '2018-04-04'),
(527, 'e86b54de4cea3f72c5c965597b25e287', 86, '2018-04-04'),
(528, 'e997f1ccacf8f25158b2dfe14c3ddf56', 90, '2018-04-04'),
(529, '91cc489f77ddbf6141cf6524c8ad0998', 72, '2018-04-04'),
(530, 'f75546e4fa1004545044a06ff0e73c4e', 72, '2018-04-04'),
(531, '750347b69bb27cd62afedeb893b23a6a', 88, '2018-04-04'),
(532, '1f6d451a0841dc3e0f2b50905d5282f9', 10, '2018-04-04'),
(533, 'fba64bf6c6a3656a9e35e8e372bcfd02', 3, '2018-04-04'),
(534, 'bf5b8d0fbaf2952cd98575f6ef3abf9f', 5, '2018-04-05'),
(535, '4d8f04dc476cfc1e32b0cc95cdb5e994', 61, '2018-04-05'),
(536, '1cbfc9cde0c2e5f1d93f0f2b237b9278', 60, '2018-04-05'),
(537, '38e3292201483d4bc90987277e76f87a', 83, '2018-04-05'),
(538, 'c7b77969ff0ce039e6e8cb010a45c50a', 91, '2018-04-05'),
(539, '7a6c32f2486783cf0b5d399bcc60a321', 5, '2018-04-05'),
(540, '5c610f3049d3f9f5d1d32ad9dd923413', 54, '2018-04-05'),
(541, '3828afdee157b62de6f02903c9138728', 92, '2018-04-05'),
(542, 'a88fabb37f30900ddfed8851610c480f', 3, '2018-04-05'),
(543, 'b850e8b423d66a6edaa1e08b4e20bdae', 5, '2018-04-06'),
(544, 'bde8638cac544a5a98ad80559d89cb5d', 5, '2018-04-06'),
(545, '80d47ca985c4d0a57f07bd8ee557e9a6', 61, '2018-04-06'),
(546, 'a1aebde288d5afd336da24cbaa21552e', 83, '2018-04-06'),
(547, '4a492541bbd7a0d1aaebcafb28cee29a', 91, '2018-04-06'),
(548, 'c7b0ba5f7fc6626c0884878f57bb1acb', 86, '2018-04-06'),
(549, 'f3a5a26be7173d7a5875c57b36f3457c', 86, '2018-04-06'),
(550, 'f2c2feaf69ba26777e328959e76d2403', 93, '2018-04-06'),
(551, '972f4e9632d01e7f95623615fbf3cb4a', 89, '2018-04-06'),
(552, 'aaef3944b26d54358f06a42353612e7b', 3, '2018-04-07'),
(553, 'f60c5a462942019a2c58b1a58c94b86e', 5, '2018-04-07'),
(554, '52801c2a1487d606668358aa79bd70a9', 5, '2018-04-07'),
(555, '8930895bffa9333004cc0a970aecacb3', 75, '2018-04-07'),
(556, 'd370e8a07b8034f68aae05fa07872122', 3, '2018-04-08'),
(557, '2afc0e20365c3ea01af2cb86b1f15c71', 61, '2018-04-09'),
(558, 'faf6963a45ed9f826a0f550160c0a3b2', 5, '2018-04-09'),
(559, '62dbdf441ab5194ebbf008d1a9cbf692', 5, '2018-04-09'),
(560, '12ba013f1fb184a0fdd6e0de36dab8bc', 83, '2018-04-09'),
(561, 'bafbe4420b23695cad6fb7019a4681a2', 63, '2018-04-09'),
(562, 'ef2783c72391bf160a4c4c7297537be0', 54, '2018-04-09'),
(563, '69864da00635903ebf96b7bf342149a6', 5, '2018-04-09'),
(564, '12aeb0ec661523284d41c2c2bc09fdd8', 17, '2018-04-09'),
(565, '87d615bd95f230b7c11babbca5b587db', 64, '2018-04-09'),
(566, '7a2426bcad0a9261c3f1a77045e02a46', 3, '2018-04-10'),
(567, 'fc5eef31ecc4a0b00758df0ca1d27cf5', 5, '2018-04-10'),
(568, 'f5f7a03c8fa4d2d5df7fd70456c5510d', 94, '2018-04-10'),
(569, 'c2d656d3d91a1c338ba0ce3c5aa459d1', 94, '2018-04-10'),
(570, 'af60754cac5d5b27595b6c1f5dd2d097', 83, '2018-04-10'),
(571, 'cc01f2fa5878af6609a32398d1e6490a', 75, '2018-04-10'),
(572, 'baf353415967c475cfd5da19da7cff38', 30, '2018-04-10'),
(573, '4aeb4f86d5f50c1f9433f220b2d392f5', 3, '2018-04-10'),
(574, '65fcee2a55c20684bf7d85309aab5f63', 61, '2018-04-11'),
(575, 'b84fbbe7a8cdd54f2f6541a0e21018ec', 5, '2018-04-11'),
(576, '8eed019cd3b4ff09dd087706d9da53e6', 83, '2018-04-11'),
(577, '26425886da42eb0e713ff746b47ad8f0', 30, '2018-04-11'),
(578, 'f224f1b9700228174167d519609f62d0', 86, '2018-04-11'),
(579, '9e0e63a08055f4feee41189c32c10282', 89, '2018-04-11'),
(580, 'ba0eb9a3d11546c2180fcbddfe2fb8bd', 93, '2018-04-11'),
(581, 'c8eb5836e9551eb1b6d16acae44d8be9', 3, '2018-04-11'),
(582, '2a451bd31c9ef984a5b94d258a271edc', 5, '2018-04-12'),
(583, '86c5a26e6e47f21f1e3b33f01942fe6c', 61, '2018-04-12'),
(584, 'ef6089f3c2504c0ebc08fc707be1d503', 91, '2018-04-12'),
(585, '7be36e5e511a13c59135549d1eb79a9f', 5, '2018-04-12'),
(586, '7f1ed318a658fe720bf1aee36ac5c8a5', 3, '2018-04-13'),
(587, '5336314950060ce5a8d99f305ddd2bff', 61, '2018-04-13'),
(588, 'cf79d9442f468b2109896cf4177df694', 5, '2018-04-13'),
(589, 'b81280cd90bc1a6cfbb1183a61abc1d8', 60, '2018-04-13'),
(590, 'b6d80f165a099895d29fd2c8b35c19ab', 5, '2018-04-13'),
(591, '4e0c03493ae1d58e4a4e9f27b00263d5', 95, '2018-04-13'),
(592, '8ade6b8abc61cd4e95e164d4e3e981e3', 89, '2018-04-13'),
(593, 'e4e1f8891630fa6b600041424eb8b039', 3, '2018-04-13'),
(594, '8a0aa65bbe05ee9f4f2c4e8eafb1781a', 5, '2018-04-14'),
(595, '84ba7207535000558f2dda1bc97e44bf', 95, '2018-04-14'),
(596, '4a83a2943a801deaba8963e1894d1cd8', 96, '2018-04-14'),
(597, 'fb6c67f46d2ac1114ee77167af53324d', 96, '2018-04-14'),
(598, '29c3fda370b6ebfff6005c6ed2a35ce2', 3, '2018-04-15'),
(599, '206ab985b01c4ed16840218aef848d8b', 5, '2018-04-16'),
(600, 'ff3ab371084a4fb888521a36aee329c4', 83, '2018-04-16'),
(601, 'c7dc929e351b3f6d1a396999c1d0bfea', 3, '2018-04-16'),
(602, 'a508ac4ca7d27f990c5999f340b92f15', 5, '2018-04-17'),
(603, '49d261cd3b2f0ebd1fd4791f99f36ee6', 5, '2018-04-17'),
(604, 'e13d75dabc168f11e4ceb6567e87155b', 75, '2018-04-17'),
(605, '4dfb7893e03b22603592f1b91fb43ceb', 75, '2018-04-17'),
(606, 'c60fd4501f9354d9f683b8e6967e1031', 30, '2018-04-17'),
(607, 'd417bf7e0e48946fb7aeba428e9239e9', 75, '2018-04-17'),
(608, '758cbb7cbb0271aa4f50779fab4c0d5c', 3, '2018-04-18'),
(609, '5180a65752a35b1769515b65124c37e5', 5, '2018-04-18'),
(610, 'fac15e7e4b80ca8ff758c352f4b56a9f', 5, '2018-04-18'),
(611, 'ad3d418bcf2ed8d7722ba3c089582295', 60, '2018-04-18'),
(612, 'f7078cf930b0b12b50ae316ac2103ff4', 97, '2018-04-18'),
(613, 'b496e4c6d967f0bc20c996b6bfe4fab2', 5, '2018-04-18'),
(614, '17dc1ff110828725094087152a76f688', 3, '2018-04-19'),
(615, '851d6b8d0d0678635b00bf448a3dd76b', 5, '2018-04-19'),
(616, 'f499ae3af2a49db5a45eaaf221288079', 54, '2018-04-19'),
(617, 'fafb8a03d6c92ec2d336c62f843e54a9', 5, '2018-04-19'),
(618, 'b685bf181da05171da21bcf46e4e1f05', 91, '2018-04-19'),
(619, '830f2d594bf6236c4b2b7f47a32aa678', 98, '2018-04-19'),
(620, 'd5324b4b2cdb02e70b9bee14c7d12f42', 5, '2018-04-19'),
(621, '90081bfcd330a7c3e215acb00fe01d0b', 3, '2018-04-19'),
(622, '014905fc09b932c2fc5d96731b8791df', 5, '2018-04-20'),
(623, 'bb8066d0e5f7941c7c24332c3096eeb2', 60, '2018-04-20'),
(624, '4822667e92f09c6ed2c396d4f90850d0', 98, '2018-04-20'),
(625, 'cdccdfde0e2c15932466619c143fd3a1', 17, '2018-04-20'),
(626, '768195ba9f7cb6e891d8ca019f93e6b0', 3, '2018-04-21'),
(627, '595c9a685971b5af6d38b4951ca81525', 5, '2018-04-21'),
(628, '8d579846d0fb9fddb6a183713b9d155b', 5, '2018-04-21'),
(629, 'fea8826324b596f3b04a52c60538201e', 3, '2018-04-23'),
(630, '9213e3d8127108c54673a04d5dc60578', 5, '2018-04-23'),
(631, 'ac4b16f3979f209a9445c3d827052c14', 91, '2018-04-23'),
(632, '5a59fc360c89973716c3494c985b32f7', 86, '2018-04-23'),
(633, 'b838b45aa2936d772e331a2c3eab7423', 86, '2018-04-23'),
(634, '91f4aa2037940d11138897c024aee351', 5, '2018-04-23'),
(635, '74529882cbb95aebf840f4b3a1fe5dd1', 10, '2018-04-23'),
(636, 'cb2df84f35809fec0e20bed24687883a', 5, '2018-04-23'),
(637, '9cf32a23dc3690fd9b7ecdd77be6b43e', 100, '2018-04-23'),
(638, 'e9a8abe823f00eabd986e7900db269fa', 91, '2018-04-23'),
(639, 'becdc1409d3f598ed1b55464f0d45d84', 100, '2018-04-23'),
(640, '030903ea3a8280ad4833fa977aaf6f2f', 100, '2018-04-23'),
(641, '8daf4e2d5393dc71b7bc076662597f49', 3, '2018-04-23'),
(642, '9dd43156f1e706b527d053f4b43fcabf', 5, '2018-04-24'),
(643, '3adb8187e79bf44c3b5123562b5d9bdd', 60, '2018-04-24'),
(644, '199cae1e326eb69fcc57f7d07deef944', 102, '2018-04-24'),
(645, 'db00f3b03bc49c84147f9b2854767c47', 30, '2018-04-24'),
(646, '8131e1a73e36ad78988e66bfe274bc40', 5, '2018-04-24'),
(647, '59771620ea25a1d2f0dd6bdd4d308b64', 3, '2018-04-25'),
(648, '2ab39d5dfbe5f8c9b2ca89717ac36526', 5, '2018-04-25'),
(649, '218da3eb902752f511799dcf361b3974', 103, '2018-04-25'),
(650, 'e60257dc59b26e748a0fb875ef440ed2', 104, '2018-04-25'),
(651, 'd563b1bd236186249795305c656ab360', 104, '2018-04-25'),
(652, 'a7ff5128851fd0a040e8946e63b554de', 3, '2018-04-25'),
(653, 'e21c2130187c6704be2dd935c9b460ad', 5, '2018-04-26'),
(654, '518b41b100b92c14ad7b8473dbfdf66f', 103, '2018-04-26'),
(655, 'c8634b88f4a9f1aa66310ec81c932ac8', 89, '2018-04-26'),
(656, 'aa0178573b9ad38b0fbe027474bbb5dd', 105, '2018-04-26'),
(657, '6a2b8723829b82ab95c68ec65bdda558', 3, '2018-04-26'),
(658, 'ed05f9935e4bb37db045cf472f7a40fd', 5, '2018-04-27'),
(659, 'b0a683fe2b2f10e73289afca3f347d89', 63, '2018-04-27'),
(660, 'e38a6f16405ec5bde03f66e9343f8634', 60, '2018-04-27'),
(661, '933760c44def31756db8f8fc646c9f50', 3, '2018-04-27'),
(662, 'f4b82084fa4e59cbf3f4b59390bac0d0', 5, '2018-04-28'),
(663, '1193fbdb6ec3dc534a19bcb5fafb3aaa', 106, '2018-04-28'),
(664, '4b713317e38168fa4d669b499190a004', 65, '2018-04-28'),
(665, '0af988e2a7b64016a29066f29b5761a3', 3, '2018-04-30'),
(666, 'e0900c3ec42b4eb1520b23675926d3d8', 5, '2018-04-30'),
(667, '6bb1cabe3e65018233f045768b597e8b', 107, '2018-04-30'),
(668, '444105ba2bf88612be3a6468fe5fd343', 3, '2018-05-01'),
(669, '4f789edc5a599f0127c7938172eb19af', 5, '2018-05-01'),
(670, 'b68542908adeaf36f5c1828f2f2994f8', 98, '2018-05-01'),
(671, '698c98ee33180eb4cee2c3ea63d14122', 3, '2018-05-02'),
(672, '84cdeffb42ac32dda73d71d3d83fdacd', 108, '2018-05-02'),
(673, '55fb7b975a242079b9d77052a234e77f', 5, '2018-05-02'),
(674, '002f273305fc02fbde1f17bec279a54f', 5, '2018-05-02'),
(675, '41e795257d04e5cbe33a63365309ab61', 91, '2018-05-02'),
(676, '9c4cc5311e07b6eb62a95e6a153bd2ff', 3, '2018-05-03'),
(677, 'e35a78d12f8edd3974e1f86a5f7e4723', 5, '2018-05-03'),
(678, 'ad0947133b36eb74db6427abdd7f5449', 3, '2018-05-03'),
(679, '3de1c950a90a96a946d40f9445a4298e', 5, '2018-05-04'),
(680, 'ef978d90d4f812f2532ad28af7a1cc70', 5, '2018-05-04'),
(681, '31e1578addba95ef5b5307c98d816912', 60, '2018-05-04'),
(682, 'cc42b69b0b3e7959c492ee248f022a70', 3, '2018-05-05'),
(683, '59173125983d0f120080d1f8aa0f5070', 5, '2018-05-05'),
(684, '1249edf6e2e04c962ffcd1e7f425d3f8', 91, '2018-05-05'),
(685, 'd018fd40361e9f41bd5dda4dd6465323', 98, '2018-05-05'),
(686, 'f7a572f36e2c9d9d3f171146798cc695', 110, '2018-05-05'),
(687, '34dd36b556103b26362488e5c4a427cf', 95, '2018-05-05'),
(688, 'ba9cbe7a6a47ccd1ba330d6019ca58b7', 111, '2018-05-05'),
(689, '61b76013bd368e682e41fa25e4db498f', 3, '2018-05-07'),
(690, 'd92465b035cc1de4c91f197055cdbeba', 5, '2018-05-07'),
(691, '8022e38ef482b3dfbdf9f987c4443eb5', 3, '2018-05-08'),
(692, 'aac19c33c4eb34420afafd5b9e3c7d1a', 5, '2018-05-08'),
(693, '3ffe6e6c67afb61a9ce37ca2e4855edd', 30, '2018-05-08'),
(694, '68a1724fac06096dbb64588f41437a04', 112, '2018-05-08'),
(695, '081bb00ba411cd5f65d938f100775101', 3, '2018-05-09'),
(696, 'bcbfd7829da33df496b494e4fd199fea', 5, '2018-05-09'),
(697, '87b3eff783e3d5737dd66954c6cd3c62', 5, '2018-05-09'),
(698, '54cb271f7eef0128fe4bbec0bd90e2b1', 3, '2018-05-10'),
(699, '1ad7c6d70465eebd3c2e19ee628e469a', 5, '2018-05-10'),
(700, '9f2e7dc0ebdb444979e004d602a4bcbd', 91, '2018-05-10'),
(701, '4c54ceac4a55b541f80ee96017b8360f', 5, '2018-05-10'),
(702, '8bf2bc1ffe5be881b01abef70c4d7406', 5, '2018-05-10'),
(703, 'a3561e232d38ff830b3e3f6a40e4f1ad', 105, '2018-05-10'),
(704, '9a104ca6dd607884d4709d65e085b213', 17, '2018-05-10'),
(705, 'ae681073fdc944cc5c6d2edad892d393', 3, '2018-05-10'),
(706, 'd6fb0bb33cc66775ab77053e7e937d9e', 5, '2018-05-11'),
(707, 'ba868c03e8f9cb180037ce579ecf9fbf', 113, '2018-05-11'),
(708, 'bd82c7665bb70629fa7d72ad4c986381', 60, '2018-05-11'),
(709, 'f29c5086e07e519de1d1398ee9058f8a', 114, '2018-05-11'),
(710, '703fc177452a0fd657e74cc91e320df8', 90, '2018-05-11'),
(711, '4f81e97b9f774a84d6701f4c564a5321', 115, '2018-05-11'),
(712, '72456abc6935613b6c71b139166494bd', 95, '2018-05-11'),
(713, 'c328426491f7c84cf827764f69d7bf2b', 3, '2018-05-11'),
(714, '97a48017b8b33eaa9be0bc80168f6e36', 5, '2018-05-12'),
(715, 'e51c10f5f1bb916cdeaaa25fb3e0e4d3', 5, '2018-05-14'),
(716, 'd85d40aab69311db348e6c0e484cbe19', 3, '2018-05-14'),
(717, 'ef82567365bc6a0efb05d21837257424', 116, '2018-05-14'),
(718, '4bd8e4daeb6dd28792ed7337f71fec50', 117, '2018-05-14'),
(719, 'a90ca83ae60e618d312d8e7d8277aa0c', 30, '2018-05-14'),
(720, '7c3312fd1ac64e610950a3f4742849b4', 3, '2018-05-15'),
(721, '641510cbd6ef39c5aa63f8ade1226a01', 5, '2018-05-15'),
(722, '6b818b67b00b174a0c5a0fb455766d75', 91, '2018-05-15'),
(723, 'f9799d1648bb7ec0cdbcc5daa8d1045b', 5, '2018-05-15'),
(724, '27ce77200e4c808faf8bcd34114cf974', 116, '2018-05-15'),
(725, '78d2748383fd3906bdda9bbb5fd70a97', 113, '2018-05-15'),
(726, 'c157f2991e189d5217815800432caeac', 17, '2018-05-15'),
(727, '243e635e6e8c9fbe37e9ae6253dbb5f3', 118, '2018-05-15'),
(728, 'b74a15e78562c2480ef8c3ce034c5a68', 5, '2018-05-15'),
(729, '05baa7492fffb0feca49f52faa500862', 5, '2018-05-15'),
(730, '4fb28f5bc8589f301ba12fbea17eae15', 3, '2018-05-15'),
(731, 'b0e2fc53389078a55db41d61a3e20438', 85, '2018-05-16'),
(732, 'b8ba6f55d0adfec1d628065a47b5232e', 5, '2018-05-16'),
(733, '401b956273f252dac18457e6a46a61e8', 118, '2018-05-16'),
(734, '5c865d8c6339b064f878ffba87cea604', 116, '2018-05-16'),
(735, '15ce1005faa58d39d94673c0c7104afc', 119, '2018-05-16'),
(736, '4847af3dba17590bad8cd6eb688061c4', 3, '2018-05-16'),
(737, '8a00e19125ac2548b30ce144f9d22d29', 5, '2018-05-17'),
(738, 'f98d27df7441707743c979d680e026e2', 116, '2018-05-17'),
(739, 'a50f6e2de3a3b7ab77e56a2ed0081356', 5, '2018-05-17'),
(740, '6582ae77706e934f6453458dd38c1d0a', 3, '2018-05-17'),
(741, '7617e026ad0bd95af5257978a052042d', 5, '2018-05-18'),
(742, '8470a75c6d97994375f6cc056cfd2f22', 3, '2018-05-19'),
(743, '4bb12230378ccaa4c6327b355a76d07f', 5, '2018-05-19'),
(744, 'b48d040c2e69534157ff16222864ed70', 120, '2018-05-19'),
(745, '4a46e4049bf7c527ad08ef70dcfca5dd', 120, '2018-05-19'),
(746, 'd9bfe2c3619c483af5ae8520e5a04668', 121, '2018-05-19'),
(747, 'd92505600dff505473d87011646f9627', 3, '2018-05-20'),
(748, 'ba2ba34877f7b1d78c5812df809ebaf8', 5, '2018-05-21'),
(749, 'fa5fa34c2426eba61a94cceddbb0976b', 116, '2018-05-21'),
(750, '645d024e1b2eadddb7d4c9094ec8f864', 122, '2018-05-21'),
(751, '1ce767c328788b9df2247e2d352f0e93', 3, '2018-05-21'),
(752, '9580670de3b6237ec7e92fa408e220e1', 5, '2018-05-22'),
(753, 'b9b7a696b102586834a33d1708101d26', 116, '2018-05-22'),
(754, '3184b5d925a059391b3af4c605d5ca85', 3, '2018-05-23'),
(755, '2e70480b074ce992c5cf7f03bfbbd97d', 5, '2018-05-23'),
(756, 'ea3947d435b5906f75055b07b75aa664', 116, '2018-05-23'),
(757, '651381805b4f001504357dbf2487f8b8', 123, '2018-05-23'),
(758, '2acf16ec02689240f8f912c2bd0af750', 79, '2018-05-23'),
(759, 'a170da902f570ac188e278dcee45730e', 17, '2018-05-23'),
(760, '9b6fd5d64996cac095355854b5786ce6', 5, '2018-05-23'),
(761, 'ae237b55c22c5be81e796c9afbb69573', 3, '2018-05-23'),
(762, '625f9ad6a94fd1cdfa8ba9f1cfb2e631', 5, '2018-05-24'),
(763, 'fa54e63815f6e952380ff94cc38b9478', 116, '2018-05-24'),
(764, '65aaf6fbf016b5f1db30b039bd629efb', 123, '2018-05-24'),
(765, '5682b9752c8996862b42f4e73f17dc07', 105, '2018-05-24'),
(766, '76cf77890edfe1b266808934f225ec5f', 17, '2018-05-24'),
(767, '7fb2e67b021ea78c0e4752c9b14697db', 3, '2018-05-24'),
(768, '8c9ca90eac9adda86795dd5bd74f7518', 5, '2018-05-25'),
(769, '3a9951494154fc3545a05691888a587e', 123, '2018-05-25'),
(770, '1580285b3e82453a23e05344956648e4', 51, '2018-05-25'),
(771, '05de58726ea5e9c4cfcf80d9e4a070a1', 116, '2018-05-25'),
(772, 'b05d0c3425afb3c0827713dc791db874', 5, '2018-05-25'),
(773, 'e8a4a80e70233c88fb52d38f5244aa86', 5, '2018-05-25'),
(774, 'ec76fa016bde0630dc7a374f2fe19aad', 3, '2018-05-26'),
(775, 'ec4586cb6eed47973a5f4e8d03140433', 5, '2018-05-26'),
(776, 'f2627a5e3676695396b77e76d2cb9777', 65, '2018-05-26'),
(777, 'b16afd7f3b95bd3f4d7710584f3f34b1', 5, '2018-05-26'),
(778, 'f87d774a5646c11798fba24919b30a2e', 5, '2018-05-28'),
(779, '9d07740412ca61293fb84be1ebe7244a', 3, '2018-05-28'),
(780, 'f0af25547b18e9a4406ac08f866ee06f', 116, '2018-05-28'),
(781, '859da71dadb646232bf14902bcc4866c', 5, '2018-05-28'),
(782, '890aefb0bda830c04f34a96b802957d5', 3, '2018-05-28'),
(783, 'bb7394096f8a340bdd02fa734fdbea65', 5, '2018-05-29'),
(784, '3a337397d277707daee2ab73c5fccce6', 116, '2018-05-29'),
(785, '1f57b59ccf0372f75e251b072e56d2be', 17, '2018-05-29'),
(786, '88afde2e6d41ddf26051200c33b6a01e', 3, '2018-05-30'),
(787, 'c1f3e93075b967d10d2e95f9dcb510b2', 5, '2018-05-30'),
(788, '990ce5d7e04f40cd889f06f6f98d27c0', 116, '2018-05-30'),
(789, '05c2d3ca6bbc1f4eb30d1c93a61fe2e6', 5, '2018-05-31'),
(790, 'bc410f02399884f695a5adf0969d917b', 5, '2018-05-31'),
(791, '301f1e68b1e11c496743c270ab0b4111', 5, '2018-06-01'),
(792, 'd89738378dbf29bcf83a97c0143469d5', 5, '2018-06-02'),
(793, 'fdd4718ede492d2242b894ad8ad8e1b3', 5, '2018-06-04'),
(794, '53704328e67a5fe2fe44cf51d39bdd8a', 5, '2018-06-05'),
(795, '033c356e5932165e922a10021e81db49', 5, '2018-06-05'),
(796, '86a18a64aa794b06fb36770de48209f7', 5, '2018-06-06'),
(797, 'd52123d1459e8d0375d90b331b37ccfb', 5, '2018-06-07'),
(798, '6d82959f998d22ace4594c3449db0ff3', 5, '2018-06-08'),
(799, 'fa9dd6b218e7f18ed90a9f0e9dd32c5c', 5, '2018-06-08'),
(800, '2e7809a7bb3e485605fef4f9469b457d', 5, '2018-06-09'),
(801, 'c1e81acb5ea925626291bea32dbdec36', 5, '2018-06-09'),
(802, '6cedc40b8be188293849abb2ea81a820', 5, '2018-06-11'),
(803, 'bef2de43b5c328dff5a0362bb35d5820', 5, '2018-06-12'),
(804, 'a26dddba52d1fcf55a41b84954e52047', 5, '2018-06-12'),
(805, '0424b0cf27016e04c7cfd1f9cd3c2163', 5, '2018-06-13'),
(806, '68b2ee9872332ac168f26ef4fa7d9281', 5, '2018-06-14'),
(807, '8d709ce7f5807e366cc94839df16cbc5', 5, '2018-06-18'),
(808, 'b23e65f65271ba7d6fcfd05a38ffaf6b', 5, '2018-06-19'),
(809, '594b727cddb4eea96f7eceb6a8ceb41e', 5, '2018-06-20'),
(810, 'c440c63436e7d5ec33454dfebdaa9a83', 5, '2018-06-21'),
(811, 'b9322e1e3b89901b62125406e9a58c1b', 5, '2018-06-22'),
(812, '5876920f1cb3b16d6ba0725cf346efbe', 5, '2018-06-25'),
(813, '0c3df1154a81878e3def60686de92d57', 5, '2018-06-26'),
(814, '0a00c1a8aad5cc2261a8f087a79744a7', 5, '2018-06-27'),
(815, 'b21e26b3e94e80112bcfa865bbdb8876', 5, '2018-06-28'),
(816, '52c4a1e615d4bd5bfbdef2f9dd95f404', 5, '2018-06-30'),
(817, '5a7cc939bfb647fe7a465adaeb9d2c23', 5, '2018-07-02'),
(818, 'c271ff7440405dca4abbccf1eab68c0e', 5, '2018-07-10'),
(819, '6e4a3a44117ae497dbe009d29ef43b76', 5, '2018-07-26'),
(820, '1e3234fe526928c3cb0dc936589feb84', 5, '2018-07-31'),
(821, '7cb1a4c0f1e45e44dedd3c693099752c', 5, '2018-08-06'),
(822, 'f8a961796890a9298103ad8c4ad7c978', 5, '2018-08-17');

-- --------------------------------------------------------

--
-- Estrutura para tabela `usuarios`
--

CREATE TABLE `usuarios` (
  `id` int(11) NOT NULL,
  `nome_empresa` varchar(256) COLLATE utf8_unicode_ci NOT NULL,
  `nome_responsavel` varchar(256) COLLATE utf8_unicode_ci NOT NULL,
  `email` varchar(256) COLLATE utf8_unicode_ci NOT NULL,
  `telefone` varchar(20) COLLATE utf8_unicode_ci NOT NULL,
  `celular` varchar(20) COLLATE utf8_unicode_ci NOT NULL,
  `endereco` varchar(256) COLLATE utf8_unicode_ci NOT NULL,
  `bairro` varchar(256) COLLATE utf8_unicode_ci NOT NULL,
  `referencia_entrega` text COLLATE utf8_unicode_ci NOT NULL,
  `senha` varchar(256) COLLATE utf8_unicode_ci NOT NULL,
  `admin` int(11) NOT NULL,
  `data` varchar(255) COLLATE utf8_unicode_ci NOT NULL
) ENGINE=MyISAM DEFAULT CHARSET=utf8 COLLATE=utf8_unicode_ci;

--
-- Fazendo dump de dados para tabela `usuarios`
--

INSERT INTO `usuarios` (`id`, `nome_empresa`, `nome_responsavel`, `email`, `telefone`, `celular`, `endereco`, `bairro`, `referencia_entrega`, `senha`, `admin`, `data`) VALUES
(1, '', 'Walber Jefferson', 'walberjefferson@hotmail.com', '99999999', '99999999', 'Rua Teste', 'Teste', 'Teste', '$2y$10$g4i9ZnsWy1vFcy/RPJhrZeC/qNeEgChcBk0T1ElUzc9HyRhMQ3heS', 1, '14-09-2017 21:18:11'),
(4, 'Lumen Teste', 'Mônica Teste', 'monica@leiaeviva.com.br', '83988776655', '2147483647', 'Av Epitácio pessoa 5000', 'Miramar', 'casa de lá', '202cb962ac59075b964b07152d234b70', 0, '02-01-2018 10:18:55'),
(3, 'Monica Lumen Agência', 'Monica', 'monica@lumenagencia.com.br', '999999999', '999999999', '!', '!', '!', '123456789', 1, ''),
(5, 'Funcionarios', 'Funcionarios', 'pedidos@lexrestaurante.com.br', '0', '0', 'none', 'none', 'none', '$2y$10$stMNQDOuQfbd.64EFu2Y8.SqnmXxYj9OsufGjNlPZ.aY8ysGmF54q', 2, ''),
(6, 'Andre Pinheiro ', 'andre pinheiro ', 'andrepinheiro175@hotmail.com', '83999823400', '2147483647', 'rua infante dom henrique 334 apto 702', 'tambau', 'proxima a fina fatia', '8d306de2ac1bbd5dd1957387ea03d821', 0, '09-01-2018 11:13:59'),
(7, 'Lumen Teste 2', 'Mônica Teste 2', 'monicalumen@hotmail.com', '83988776655', '2147483647', 'Av Epitácio pessoa 8000', 'Bessa', 'Bem ali.  ', 'e10adc3949ba59abbe56e057f20f883e', 0, '10-01-2018 11:32:10'),
(8, 'Empresa Teste', 'Responsavel Teste', 'contato@v2i.com.br', '(82) 3621-1111', '(82) 99907-0172', 'Endereço Teste', 'Centro', 'Pedido teste', 'e10adc3949ba59abbe56e057f20f883e', 0, '10-01-2018 11:40:37'),
(9, 'Auto Escola Nossa Senhora de Fátima', 'Thiago', 'thiago@autoescolarainhadapaz.com.br', '988445877', '988445877', 'R. João Batista Fernandes, 265 - Aeroclube, João Pessoa - PB, 58036-811', 'Aeroclube', 'Por trás do aeroclube', '0542bebc82ce03ea902cd73bd0cd2ba0', 0, '10-01-2018 11:43:27'),
(10, 'Cristina Medeiros Andrade Lima', 'Cristina Medeiros', 'crismedeiros1968@gmail.com', '(83) 3226-3206', '(83) 9189-2454', 'Av. Sapé, 601 Ap. 1701', 'Manaíra', 'próximo ao supermercado Manaíra', '593d7f00633681622c2eda24e5a28185', 0, '10-01-2018 12:17:43'),
(11, 'raisa melo', 'raisa melo', 'raisazoraide@gmail.com', '(83) 99907-8132', '(83) 99907-8132', 'rua infante dom henrique, 513, Residencial Atalntis Plaza', 'Tambaú', 'Helena Restô', '91762bafc58412332fbd73dfc4261b97', 0, '11-01-2018 10:58:43'),
(12, 'Regina Carosi', 'Regina Carosi ', 'reginajpa@hotmail.com', '41412313', '996003738', 'Av. Indio Arabutan 310 apto 402', 'Cabo Branco ', 'Atrás do Flat Tambaú ', '1a74b4c35683bdccb2bb504f3888c6c9', 0, '11-01-2018 11:48:54'),
(13, 'Orienta Solution', 'André Chaves', 'andre.chaves@orientasolution.com.br', '(35) 6695-55', '(21) 4748-3647', 'Av. Esperança, 1000, Sala 206', 'Manaira', 'Empresarial Borba', '1810c30e6a351f6c71e7d8dae545fd26', 0, '12-01-2018 10:42:05'),
(14, 'Vamberto Campos Batista', 'Vamberto Campos Batista', 'vambatis@hotmail.com', '(83) 99656-3252', '(83) 99656-3252', 'Rua João Cabral de Lucena, 1000', 'Bessa', 'Próximo à Pça do Cajú', '10a9c136d796bab18d3e144092a4f20a', 0, '16-01-2018 11:03:36'),
(15, 'Nathalia Kirilauskas', 'Nathalia Kirilauskas', 'nathaliamagalhaes_@hotmail.com', '(83) 98812-6676', '(83) 98812-6676', 'Rua Luzia Simoes Bertolini, 101', 'Aeroclube', 'Na lateral da igreja cidade viva', '3a4e4e91e2e851937863848e3244c058', 0, '23-01-2018 11:04:17'),
(16, 'MRH GESTÃO DE PESSOAS E SERVIÇOS', 'ANA MARA FABRICIO FEITOSA', 'anamarafeitosa@gmail.com', '(83) 9871-1957', '(83) 9871-1957', 'Rua Fernando Luiz Henrique dos Santos, 200', 'Manaira', 'Em frente ao Business Center', '900a75d72adcd7271f6ca72dc9bc6833', 0, '26-01-2018 09:30:51'),
(17, 'Athos Offices', 'José Vitório da Silva', 'magno.vitorio@outlook.com', '(83) 99927-3868', '(83) 99927-3868', 'Manoel Medeiros Guedes 12', 'Manaíra', 'Empresarial Shekinah', 'e16972ab525c0fb92f05500311493118', 0, '27-01-2018 11:09:14'),
(18, 'Daniellcapas jp', 'Merize', 'merizesilvag@gmail.com', '(83) 98771-8400', '(83) 9911-4824', 'Rua walber Belo rabelo Pessoa da costa', 'Manaira', 'Praça clube do carro antigo', '9721b6eb143d898dd6b67cfc1f3ce995', 0, '27-01-2018 11:18:56'),
(19, 'fabiana targino', 'fabiana', 'fabytargino.f@gmail.com', '(83) 3507-1417', '(83) 98175-5257', 'av. edson ramalho 788', 'manaira', 'piggy shoes', 'b24d516bb65a5a58079f0f3526c87c57', 0, '30-01-2018 11:11:59'),
(20, 'DIRCEU NORONHA DE OLIVEIRA FILHO', 'DIRCEU NORONHA DE OLIVEIRA FILHO', 'dirceunoronha.pb@gmail.com', '(83) 98854-4904', '(83) 98854-4904', 'Avenida Maria Rosa - 1123', 'Manaira', 'Enfrente a escola construção do saber', '9ed156f439c7ae8bad22bc2cba840725', 0, '31-01-2018 10:35:52'),
(21, 'Bruna marcela ', 'Bruna Marcela', 'brunamarcela_@hotmail.com', '(83) 98639-7700', '(83) 98639-7700', 'Avenida Edson ramalho 883 vitrine manaira', 'Manaira', 'Gentileza telefonar quando chegar, pois a sala é no 1 andar', '88d8f95066b6aaf3a6c3d65f052ad5d2', 0, '31-01-2018 12:06:00'),
(22, 'Implantare', 'Michely farina', 'michelypfarina@hotmail.com', '(83) 3031-7840', '(83) 99959-0000', 'Rua Escrvão Sebastião de Azevedo Bastos', 'Manaíra', 'Em frente a Praça Silvio Porto', '8317cf8fd3e91f16b25992393fcc249f', 0, '01-02-2018 08:37:14'),
(23, 'Geraes', 'MONICA BEATRIZ NOVAIS', 'monicabeatriznovais@hotmail.com', '(31) 8592-6207', '(31) 8592-6207', 'RUA SEVERINO MASSA SPINELLI,128', 'TAMBAU', 'EDIFÍCIO Acuraua', 'ec027342766986b09f9adb936afc1dd8', 0, '01-02-2018 12:09:21'),
(24, 'camila bento batista', 'camila bento batista', 'bento_camilabatista@hotmail.com', '(83) 3246-2455', '(83) 98807-2792', 'rua francisco brandão, 1021 apt 203', 'manaira', 'na rua do colegio colibris', 'a6b4e4d153c28b5d1c4418a3352c23e5', 0, '02-02-2018 12:57:28'),
(25, 'Não possui', 'Laís Paulino', 'laispaulinoengambiental@outlook.com', '(83) 3023-7122', '(83) 98628-4942', 'Avenida Guarabira, 1125, apto 302', 'Manaíra', 'Por trás do hotel manaira', '413119a4b6b4b05173b6cc0ec18dfaa2', 0, '03-02-2018 10:12:55'),
(26, 'priscila souza e moura', 'priscila souza e moura', 'cilasouza@gmail.com', '(83) 99137-9901', '(83) 9137-9901', 'avenida edson ramalho, 883,  ED. VITRINE DE MANAÍRA (SALA EXITO)', 'MANAÍRA', 'APÓS A TRACK & FIELD. MESMO EDIFÍCIO DA CIA DO CORPO', '9c2649ff5a4242ea2ff74b80ad773ab4', 0, '03-02-2018 11:36:14'),
(27, 'João Alexandre Targino', 'João Alexandre Targino', 'joaoalexandre_5@hotmail.com', '(83) 3247-4624', '(83) 98880-8500', 'Rua Jacinto Dantas, 214', 'Manaíra', 'Edifício Roma di Fiori, 214 apto 804. De esquina com a Av edson Ramalho. Prédio de 2 torres', 'b44d06b232a50e3ff88b1ff1027a3b09', 0, '03-02-2018 11:53:20'),
(74, 'Monique ', 'Monique', 'moniquesgv@hotmail.com', '(83) 98804-3274', '(83) 98804-3274', 'Av Cajazeiras 201', 'Manaira ', 'Rua da quadra, a rua sem saída.', 'df2dc36726a308928bc94f28ae0958a0', 0, '14-03-2018 12:55:28'),
(28, 'Globo rerão', 'Natalícya', 'natalicyab@gmail.com', '(83) 99994-1459', '(83) 99994-1459', 'Retao de Manaíra ', 'Manaíra ', 'Drogarias Globo', '97c0fa89e38cddb94aa15f835e0e30e8', 0, '05-02-2018 13:29:55'),
(29, 'NATALICYA RODRIGUES VITORINO BRAGA', 'NATALICYA RODRIGUES VITORINO BRAGA', 'natalicyabraga@hotmail.com', '(83) 99994-1459', '(83) 99994-1459', 'Retao de Manaíra ', 'Manaíra ', 'Drogarias Globo', '97c0fa89e38cddb94aa15f835e0e30e8', 0, '05-02-2018 13:36:36'),
(30, 'Monica  Tavares  de Brito ', 'Monica', 'monica-lopes-tavares@hotmail.com', '(83) 3246-1636', '(83) 98623-0611', 'Rua Francisco claudino pereira 621', 'Manaira ', 'Rua do antigo bar do Zé  sentido manaira shopping ', 'fe0209937de1727b8b9c4608a16539e1', 0, '06-02-2018 11:41:51'),
(31, 'Janeide Cabeleireiras', 'Jordan do Nascimento Pereira', 'jordan.npereira@hotmail.com', '(83) 98879-0916', '(83) 99908-8157', 'Rua Universitário Walber Belo Rabelo, 131', 'Manaíra', 'Quando estiver na Farmácia Globo (do Retão) entrar a direita. Em frente a praça da lanchonete do Marcão.', 'aed66b6c47b5c479e872e81c42f9bb89', 0, '06-02-2018 13:46:08'),
(32, 'MAYRA MEDEIROS DE AZEVEDO', 'Miriam Gomes de Medeiros', 'mayra.medeirosa@gmail.com', '(83) 99639-4123', '(83) 99639-4123', 'Rua Helena Meira Lima, 861', 'Tambaú ', 'Em frente ao edifício Principado de Tambaú ', 'e60cea268eeb1b7fdf5635277ccff6ac', 0, '07-02-2018 09:02:21'),
(33, 'Loja Bambuluá', 'Rayanne', 'isrrayanevitorino@hotmail.com', '(83) 3021-1098', '(83) 98885-7005', 'Av. Nego, Empresarial Magnific, 330, Loja 04', 'Tambaú', 'Início da Av. Nego, em frente a uma banca e a Loja Saccaro, próximo a Delegacia de Tambaú', '202cb962ac59075b964b07152d234b70', 0, '07-02-2018 09:37:17'),
(34, 'New Life', 'Ítala ', 'Italamarcela2013@gmail.com', '(83) 98138-2577', '(83) 98647-1912', 'Av Nego ', 'Tambaú ', 'Em frente a Saccaro', 'a86f9a2ad1ea093cdea54a4484dd80c1', 0, '07-02-2018 10:08:49'),
(35, 'Diogenes', 'Diogenes Fernandes', 'diegoadmf@gmail.com', '(83) 99809-1723', '(83) 99840-1723', 'Rua Nossa Senhora dos Navegantes, 801 - AP 424', 'Tambau', 'Fica no Holandas prime shopping residence', '749f430ff099723820c380f603f5fc59', 0, '07-02-2018 11:20:53'),
(36, 'Lidiane de Almeida', 'Lidiane', 'lidi_fonseca@hotmail.com', '(83) 98614-6449', '(83) 98614-6449', 'Avenida Guarabira 1269, Destaque formaturas', 'Manaira', 'Proximo ao emporio 42 ao lado do AmeiPintei', '94ec186ad0da6b53f60ed2b5a0ad1553', 0, '09-02-2018 10:47:12'),
(37, 'Cíntia ', 'Cíntia Oliveira Lelis dos Santos', 'leliscintia@hotmail.com', '(83) 99666-1888', '(83) 99666-1888', 'Rua Escritor Sebastião de Azevedo Bastos, 301, apt 801', 'Manaíra', 'No quarteirão de Popotamus. ', '3287da751ba551496212e18f2c8158d4', 0, '09-02-2018 12:15:07'),
(38, 'Patricia', 'Patricia', 'patybryl@hotmail.com', '(41) 99967-0027', '(41) 99967-0027', 'avenida sapê, 175 ap. 302', 'Manaira', 'Rayssa Cosmeticos', '9c08eed919200932bc93ab2f1900d119', 0, '10-02-2018 11:28:54'),
(39, 'Imobiliaria facilite', 'Imobiliaria facilite', 'sonia_cjz@lhotmail.com', '(83) 98806-1515', '(83) 98806-1515', 'Av antônio Lira, 716 apto 202ereco', 'Tambau', 'Atras do ed solar de tambau ', 'bc7316929fe1545bf0b98d114ee3ecb8', 0, '12-02-2018 12:02:28'),
(40, 'Isaac Rangel', 'Isaac Rangel', 'foxrangel@me.com', '(83) 98872-1210', '(83) 98872-1210', 'Av. Edson Ramalho, 883 - Empresarial Vitrine de Manaira', 'Manaira', 'Êxito Salas de Estudos. ', '61b966265105ab8c18d93dff1fb3a422', 0, '13-02-2018 11:37:09'),
(41, 'Amanda', 'Amanda de Aquino', 'amandaaqu@gmail.com', '(83) 99324-0412', '(83) 99324-0412', 'Rua Severino massa Spinelli, 368, res. brisas de Tambaú, ap 303', 'Tambaú', 'Ao lado da marçonaria', '991571816166f317878c869f3fc5cc38', 0, '13-02-2018 11:37:11'),
(42, 'Felipe Santos', 'Felipe Santos', 'felipevieira0505@gmail.com', '(83) 99945-8711', '(83) 99945-8711', 'Av Edson Ramalho, n 883', 'Manaira', 'Êxito Sala de Estudos', '6469b59336c76b3da903f44030cc7586', 0, '13-02-2018 11:40:23'),
(43, 'GABRIELLE LINS BEZERRA', 'GABRIELLE LINS BEZERRA', 'gabriellelinsbezerra@gmail.com', '(83) 3245-8560', '(83) 98893-1249', 'Rua Reinaldo Tavares de Melo, n°25, apt. 1102, Edf. Caruzzo', 'Manaíra ', 'Próximo ao Habib\'s ', '40448f5decacdbcd41fff3553f60fd5d', 0, '13-02-2018 12:05:36'),
(44, 'O Bendito Doce ', 'Hayanne Targino', 'hayannetargino@hotmail.con', '(83) 98680-4541', '(83) 98680-4541', 'Av Vereador Gumercindo Barbosa Dunda 50 Bloco E apt 201', 'Aeroclube ', 'Ao lado da parada do ônibus ', 'e10adc3949ba59abbe56e057f20f883e', 0, '16-02-2018 09:52:56'),
(45, 'O Bendito Doce ', 'Hayanne Targino ', 'hayannetargino@hotmail.com', '(83) 98680-4541', '(83) 98680-4541', 'AvVereador Gumercindo Barbosa dunda 50 bloco E apt 201', 'aeroclube ', 'Ao lado da parada do ônibus ', 'e10adc3949ba59abbe56e057f20f883e', 0, '16-02-2018 09:56:34'),
(46, 'Apartamento', 'Tawanna Dantas Leite de Almeida ', 'tawannaleitedealmeida_2008@hotmail.com', '(83) 98894-1896', '(83) 98894-1896', 'Rua Silvino Lopes, 480, apto 1103', 'TAMBAÚ ', 'Na rua do motiva ambiental', '738c2c7be301b4999295c1892f598500', 0, '17-02-2018 12:30:17'),
(47, 'Nenhum', 'Jessica Melo', 'jjmoliveira@outlook.com', '(83) 3231-1138', '(83) 98805-5479', 'R. Reinaldo Tavares de Melo, 142, Edf. Rubayat, apt.1601', 'Manaíra', 'Em frente ao laboratório Roseane Dore; no começo da mesma rua do LEX, ', '980157df5a6f7fb844ca4f84947f635f', 0, '17-02-2018 13:10:20'),
(48, 'Duo Store ', 'Nadjania Cardoso ', 'nadjaniacardoso@hotmail.com', '(83) 98617-2505', '(83) 98617-2505', 'Av Joao Cancio, 1425', 'Manaira', 'Em frente à banca água marinha ', '1d60663871a67f2297b35bfd6b036d82', 0, '19-02-2018 11:01:14'),
(49, 'EXITO', 'wilma', 'wilmaguedes@hotmail.com', '(61) 98249-4000', '(61) 98249-4000', 'endereco Av. Gal. Edson Ramalho, 883, Empresarial Vitrine de Manaíra, João Pessoa/PB', 'Manaíra', 'xx', '81fdda48de7b9a7e0db9991a64c23588', 0, '20-02-2018 10:44:00'),
(50, 'Cabo Branco conveniência ', 'Uelison', 'j.uelison16@gmail.com', '(83) 99870-2823', '(83) 99870-2823', 'AV: PRESIDENTE EPITÁCIO PESSOA ', 'Cabo Branco ', 'Final da EPITÁCIO próximo a farmácia paguemenos ', 'db141f6542e19ba478814ed7e7771035', 0, '21-02-2018 10:20:36'),
(51, 'cia do corpo', 'Thais', 'thaysinha_jpa@hotmail.com', '(83) 3247-3186', '(83) 99366-8142', 'AV. GENERAL EDSON RAMALHO 883', 'MANAIRA', 'LOJA: CIA DO CORPO\r\nESQUINA DEPOIS DA FARMACIA REDEPHARMA.... ANTES DO MANGAI', '1e3605cb176b8fe5715ec4ae8ee385cd', 0, '21-02-2018 10:21:55'),
(52, 'News Modas', 'Suely Diniz', 'lilidinizsouza@gmail.com', '(83) 99659-3121', '(83) 99659-3121', 'Av. Presidente Epitácio Pessoa Nº 5200', 'Cabo Branco', 'Galeria Vila Dorita ao lado do Temack da Villa', 'e10adc3949ba59abbe56e057f20f883e', 0, '21-02-2018 10:25:30'),
(53, 'mais saude farma', 'kalianne de lucena', 'maissaudefarma@gmail.com', '(83) 3247-3200', '(83) 98105-9706', 'avenida epitacio pessoa,5000', 'cabo branco', 'terreo do tambau flat', 'a0b91db93fa5347147c5445df28b3bb3', 0, '21-02-2018 10:28:22'),
(54, 'Implantare', 'Mercia', 'contato@implantarejp.com.br', '(83) 3031-7840', '(83) 98649-3883', 'Rua Escrivão Sebastião de Azevedo Bastos,520', 'Manaira', 'Praça Desembargador Silvio Porto', '3354045a397621cd92406f1f98cde292', 0, '22-02-2018 08:24:39'),
(55, 'YUPPIE Tech', 'Noaldo Sales Filho', 'san7os@hotmail.com', '(83) 3507-0700', '(83) 98834-1434', 'R. Hilda Coutinho de Lucena, Nº 86-201', 'Miramar', 'Paróquia Nossa Sra. de Fátima', 'f107621b9daf64c0b5cce8863b13935b', 0, '22-02-2018 10:05:53'),
(56, 'yuppie tech', 'noaldo sales', 'rodrigothaysakaue@gmail.com', '(83) 3221-6500', '(83) 98846-5334', 'rua ilda coutinho de lucena 86 A', 'miramar', 'de frente a paroquia nossa senhora de fatima, antiga sid moveis', 'ea42ec5d653765e3e53939f34395cb84', 0, '22-02-2018 10:40:53'),
(57, 'Luiz Simão de Andrade Filho', 'LUIZ SIMÃO DE A. FILHO', 'simaox@gmail.com', '(83) 3246-1345', '(83) 99982-5952', 'Rua Maria Rosa Padilha, 175 - Ap 801', 'Aeroclube', 'continuação da rua do Hyper Bompreço', '1645cf1337e3c42aa49fd2821c32493d', 0, '24-02-2018 09:55:29'),
(58, 'Eco Construcoes', 'Suellen Cristina da Silva Leoncio', 'sc_1086@hotmail.com', '(83) 3246-1242', '(83) 98812-4296', 'Av Pombal 1620', 'Manaira', 'Por traz da Coespe', '697fde7f224378184bea18419f34a83a', 0, '26-02-2018 10:20:42'),
(59, 'Geraldo', 'Geraldo Lafayette Bezerra Neto', 'glbn@hotmail.com', '(83) 3512-5133', '(83) 98690-8399', 'Av. Monsenhor Odilon Coutinho número 110 Apt 301', 'Cabo Branco', 'Em frente a igreja ', 'abd4d1557549f7156c30ef2d0b6af453', 0, '26-02-2018 11:47:39'),
(60, 'CLAUDIA', 'CLAUDIA', 'claudiafre77@gmail.com', '(83) 8775-8630', '(83) 8775-8630', 'AV GEN EDOSN RAMALHO, 1130, sala 107', 'MANAÍRA', 'Dentro do empresarial Edson ramalho, em frente ao hotel manaira sala 107', '202187b1aee830e01ba1316159b03062', 0, '27-02-2018 09:22:57'),
(61, 'CONSTRUTORA BRASCON LTDA ', 'LOURIVAL GONÇALVES JUNIOR', 'JUNIOR@METODOSPB.COM.BR', '(83) 3226-8861', '(83) 99681-7000', 'Avenida PRESIDENTE EPITACIO PESSOA, 4985', 'TAMBAU', 'PREDIO DA CONSTRUTORA BRASCON', 'd3e8df13406714744cec5d9feb5cd8c1', 0, '01-03-2018 08:55:44'),
(62, 'MAISON DU CHEF', 'ROBERTA GADELHA', 'robertagadelha@hotmail.com', '(83) 99121-9348', '(83) 99121-9348', 'AVENIDA EDSON RAMALHO 909', 'MANAÍRA ', 'EM FRENTE A OUTLET JEANS', 'e67bf95c8ff0e853dd020a24161f723c', 0, '01-03-2018 10:18:54'),
(63, 'Ágili Software', 'Lucicleide', 'secretaria_pb@agili.com.br', '(83) 3578-7720', '(83) 99811-8941', 'Av. Umbuzeiro, 737', 'Manaira', 'Em frente ao escritório da Vertical engenharia', '28574e2d7aa37a9e8e21c511049361ac', 0, '01-03-2018 10:43:39'),
(64, 'Sarah Miranda', 'Sarah Miranda', 'sarahmmiranda@hotmail.com', '(83) 3024-5003', '(83) 99800-5041', 'Avenida Ruy Carneiro, 300', 'Miramar', 'Edifício Trade Office, Sala 03, Térreo, ao lado da escola de ingles Minds', '34e8380ebbec0f1783065639de20657f', 0, '01-03-2018 11:04:51'),
(65, 'Juliana', 'Juliana', 'juunidas@gmail.com', '(83) 98683-8198', '(83) 98683-8198', 'Rua Vigolvino Florentino Costa n.910', 'Manaira', 'Rua do colégio colibri sentido manaira shopping ', '7099447852031301556cf5720c08240a', 0, '01-03-2018 11:56:41'),
(66, 'Alexandre M Barbosa', 'Alexandre Madruga de Figueiredo Barbosa', 'alexandredose@hotmail.com', '(83) 99943-4766', '(83) 99943-4766', 'avenida maria rosa, 1661, apart.803', 'Manaíra', 'primeiro prédio da avenida maria rosa, proximo a praça sillvio porto ', 'd986bac91a059815e241c155b7da3742', 0, '05-03-2018 11:13:32'),
(67, 'Valeska', 'Valeska', 'valeska_sales@hotmail.com', '(83) 98836-6640', '(83) 98836-6640', 'Rua Valter Belo Rabelo 111 ap 203', 'Manaira', 'Vizinho a Janeide Cabelereiros', '1d056d63686dfb50ef2d28ba2c78a81b', 0, '05-03-2018 12:31:39'),
(68, 'Hapvida ', 'Amanda ', 'amanda.a.fa@hotmail.com', '(83) 99831-1059', '(83) 99831-1059', 'Av. Júlia Freire, 1058 ', 'Expedicionários ', 'Hospital Geral Da Paraíba Hapvida ', '5b7b247aa9b9150afb17bfe0a52f95f1', 0, '07-03-2018 10:13:09'),
(69, 'POLICLINICA DAS PRAIAS', 'GISLANE CARVALHO', 'gislanecarvalhoribeiro@gmail.com', '(83) 98832-8905', '(83) 98832-8905', 'AVENIDA RUY CARNEIRO,166', 'MANAIRA', 'AO LADO DO EMPÓRIO DAS CARNES', 'b571ecea16a9824023ee1af16897a582', 0, '08-03-2018 11:58:43'),
(70, 'Júlia Carvalho Bandeira ', 'Júlia Carvalho Bandeira ', 'juliabandeira100@hotmail.com', '(83) 99612-6233', '(83) 99612-6233', 'Rua Severino Massa Spinelli, 474, apto 401', 'Tambaú ', 'Edifício Ana Beatriz ', '7789bca5e70cad7399557ca1dea86b54', 0, '09-03-2018 10:44:54'),
(71, 'Edf monte Serrat ', 'Ana celina', 'anacelina_oliveira@hotmail.com', '(83) 99639-3513', '(83) 99639-3513', 'Rua Ambrosina Soares dos Santos num 71', 'Bessa', 'Banco do Brasil do Bessa ', '811e8b20d15cff5292a3fc688a96ee8f', 0, '09-03-2018 12:14:15'),
(72, 'JSN TECNOLOGIA', 'FRANCISCO JUNIOR', 'fcdcjr@gmail.com', '(83) 98823-7118', '(83) 98823-7118', 'av. João Maurício, 1591, apt. 309, edificio Manaira', 'Manaira', 'a beira mar ao lado do edificio Costa Azul', '5a2560fc5e061588d6bfbd4942e46d83', 0, '13-03-2018 12:33:10'),
(73, 'Ruth Lopes', 'Ruth Lopes', 'ruth.adv7@yahoo.com.br', '(83) 99304-1940', '(83) 99304-1940', 'Avenida Nego, n° 700, apto 2201', 'Tambau', 'Edifício Grenoble', 'd1a1b3c594bb1a551427c006738193d6', 0, '14-03-2018 12:04:16'),
(75, 'SPA das sobrancelhas ', 'Nivea', 'nivea_nobrega@yahoo.com.br', '(83) 98743-6186', '(83) 98743-6186', 'Rua Manoel Medeiros Guedes,12, empresarial shekinah', 'Manaira', 'após o popotamus em frente à infisio', '5a665206e6374a1b3b95e05d1ae9ecd8', 0, '15-03-2018 10:37:50'),
(76, 'VITTRI', 'TAMIRES OMENA', 'tamiresomena_adv@hotmail.com', '(81) 99502-8989', '(81) 99502-8989', 'RUA MONTEIRO DA FRANCA, 1071, LOJA VITTRI', 'MANAIRA', 'EM FRENTE A PIZZARIA D NAPOLIS', 'e10adc3949ba59abbe56e057f20f883e', 0, '16-03-2018 10:27:40'),
(77, 'Lucas ', 'Lucas Silveira Boyadjian', 'lucas.silveira@graficasantamarta.com.br', '(83) 99188-9232', '(83) 99188-9232', 'Rua doutor Seixas Maia, 150, apto 508', 'Manaira', 'Mag shopping', '1308dfed71297a652cc42a390e211489', 0, '17-03-2018 11:14:03'),
(78, 'TARCISIO MELO', 'TARCISIO MELO', 'tarcisio_621@hotmail.com', '(83) 98718-2777', '(83) 98718-2777', 'rua abelardo da silva guimaraes barreto 100 ap 202 b', 'altiplano', 'duas torres brancas', '1f79ed685caef69b2602c72b472b1386', 0, '20-03-2018 16:33:15'),
(79, 'CSQ ENGENHARIA', 'RAYANNE SOUZA', 'rayanne@csqbrasil.com.br', '(83) 3246-7289', '(83) 98887-0010', 'AV.POMBAL,1339', 'MANAIRA', 'RUA DO CAMARÃO DA PRAIA', '957bc66a94c39631312141adc7ce8a26', 0, '22-03-2018 12:26:29'),
(80, 'Construtora Brascon', 'Rafaella', 'rafaelladniz@hotmail.com', '(83) 3247-1647', '(83) 99882-5861', 'Av. Presidente Epitácio Pessoa 4985', 'Tambaú', 'em frente ao tambau flat', '1e0eea117ccb26ad623b5713349a0b44', 0, '22-03-2018 16:30:20'),
(81, 'Pessoa física ', 'Pedro José Gondim César', 'pedrojgcesar@hotmail.com', '(83) 98779-5627', '(83) 98779-5627', 'Av Monteiro da França, n. 954 apt 801 Ed Tour D’Argent', 'Manaira ', 'Em frente aos correios ', '6f597c1ddab467f7bf5498aad1b41899', 0, '26-03-2018 09:06:59'),
(82, 'Não tem ', 'Germana Tavares de Melo', 'germana_@hormail.com', '(83) 3224-2769', '(83) 99111-9215', 'Rua Vereador José Alberto Barroca Falcão, 95, apto 902 - Reaidencial Casablanca ', 'Miramar', 'Rua paralela ao Ecomedical', '87db8d0ba164bc84878973df198f676a', 0, '27-03-2018 08:42:59'),
(83, 'Hofmann Imobiliaria', 'Janaina', 'janaina@hofmannimobiliaria.com.br', '(83) 3247-0909', '(83) 98601-9766', 'Rua joão Cancio da Silva, ,993', 'Manaira', 'Esquina com a Eutiquiano Barreto', '8af3550fe7c3dd2c3de940ea9844489f', 0, '27-03-2018 09:03:24'),
(84, 'Tennis Play', 'Eliane Freire de Melo', 'ellianemelo@hotmail.com', '(83) 99965-6220', '(83) 3245-9081', 'Av Gal Edson ramalho, 988 sala 102/103', 'Manaira', 'Em frente a Farmácia Redephrama', '9d9758a585e25ac9620dfee4e465a75b', 0, '29-03-2018 11:55:40'),
(85, 'Construtora Brascon', 'Lúcia', 'lucia.ecp@gmail.com', '(83) 3515-1618', '(83) 98792-8956', 'Avenida Epitácio Pessoa 4985', 'Tambaú', 'Em frente o tambaú flat', '8e0207d8c5d2544f0af773550ebcd732', 0, '02-04-2018 07:51:01'),
(86, 'MARCIO CATAO ARQUIITETOS', 'Pollyana Franca', 'pollyanafranca@hotmail.com', '(83) 3024-5003', '(83) 99802-3789', 'Avenida senador ruy carneiro, numero 300, sala 03, terreo', 'Brisamar', 'Edificio Trade Office Center', 'e90428e38c2228a4b3b900e67858f2da', 0, '02-04-2018 11:11:42'),
(87, 'Anna ', 'Anna Alice Franca Falcão', 'annaalicefranca@hotmail.com', '(83) 99934-1606', '(83) 99934-1606', 'Avenida Maria Rosa, 379, apto. 1001', 'Manaíra', 'Apos supermercado Manaíra dobra a esquerda, passa 3 ruas dobra a esquerda novamente. Edifício de esquina. Residencial El Morya ', '696e4485e71b3a3bac2fe076c63a12ed', 0, '02-04-2018 11:35:14'),
(88, 'Dental Gold', 'Cristian', 'cristiancanez@dentalgold.com.br', '(83) 2107-8933', '(83) 98171-4243', 'Av Ruy Carneiro, 895', 'Miramar', 'empresa Dental Gold', 'cbce5636186dea8b8e170abcf31bfe9f', 0, '02-04-2018 12:33:13'),
(89, 'Pessoa física', 'Thalma Sampaio de Lucena Ribeiro', 'thalmalucena@gmail.com', '(83) 98787-0198', '(83) 98787-0198', 'Rua Major Ciraulo, n. 433, apto 24', 'Manaíra', 'Após a farmácia esperança da av. Esperança dobra a direita', '7a17af1032ff2e36ed62a94f1634bcd4', 0, '03-04-2018 12:29:35'),
(90, 'Bruna Guedes da Dental Dental', 'Bruna Gabrielly Carneiro Guedes', 'brunagabby1@hotmail.com', '(83) 2107-8920', '(83) 98748-5150', 'Avenida Senador Ruy Carneiro, 895', 'Miramar', 'Vizinho a Clinica San Diego', '078455292c90264a599c352fbb788298', 0, '04-04-2018 10:24:13'),
(91, 'Spa das sobrancelhas ', 'Kate', 'kt_butler@hotmail.com', '(83) 98775-2972', '(83) 98775-2972', 'Rua Manoel Medeiros Guedes, 12', 'Manaira', 'Logo apos o Popotamus e em frente a clinica Infisio. No empresarial Shekinah', 'd189ae3c6f6e2ff4fba71092b5931695', 0, '05-04-2018 09:42:40'),
(92, 'Annelise Lacerda Arquitetura é Interiores ', 'Annelise', 'johelisa@gmail.com', '(83) 99869-9328', '(83) 99869-9328', 'Rua Juiz Olvideo Gouveia, 207', 'Tambauzinho', 'Edificio Turmalina Trade Center', '4a10353604df1c5dcb9e7894dee7883b', 0, '05-04-2018 12:23:24'),
(93, 'MARIA EMILIANA DE ARAUJO', 'LEILA ARAUJO', 'leila.jubert@ig.com.br', '(83) 3208-4500', '(83) 98191-1312', 'VAENDA MAXIMIANO DE FIGUEIREDO, Nº 153', 'CENTRO', 'LOJA NORDIFE', 'a2b8c35617ad7afcafecf0a9dc4e315f', 0, '06-04-2018 11:00:28'),
(94, 'casa', 'vinicius dos reis', 'mumumaster7@gmail.com', '(83) 98880-4028', '(83) 98880-4028', 'AV pombal 1771 edificio khalil gibran APTO 903', 'manaira', 'por tras da coesp', 'e4d62258bd27be9e35c0835e110e3b87', 0, '10-04-2018 08:57:17'),
(95, 'Dalyhanna Gadelha', 'Dalyhanna Gadelha', 'dalygadelha@outlook.com', '(83) 98874-1321', '(83) 98874-1321', 'Rua Nevinha Gondim de Oliveira, 101. Apto 1701', 'Brisamar', 'Rua do Cedrul da Av. Ruy Carneiro', '46ba9f2a0e96d5f9a169859774cfabdc', 0, '13-04-2018 11:55:32'),
(96, 'giulianna', 'giulianna medeiros', 'giuliannaclecea@gmail.com', '(83) 3246-3733', '(83) 99644-3435', 'rua euzely fabricio de souza, 964', 'manaira', 'rua do manaçai', 'f9779d77516b6437ee811886f3868373', 0, '14-04-2018 11:46:52'),
(97, 'Clarisse vieira dos santos', 'clarisse vieira dos santos', 'licejp@hotmail.com', '(83) 98866-1246', '(83) 98866-1246', 'Rua Juvenal Mário da Silva', 'Manaíra', 'Na loja De passagem que fica no center 2000', '9ce9aa733974f1c14c172377ab30d3cf', 0, '18-04-2018 11:48:20'),
(98, 'Hellen', 'Hellen Cavalcanti de Araújo', 'h.c.araujo@hotmail.com', '(83) 98882-1255', '(83) 98882-1255', 'Av João Maurício, 1553, APT 105a', 'Manaíra', 'EDF costa Azul próximo ao MAG', '3daa2839a7b528d127ebc92a5f5856c0', 0, '19-04-2018 11:16:16'),
(99, 'Kênia Silva de Oliveira ', 'Kênia ', 'kem10jp@gmail.com', '(83) 98867-3196', '(83) 98867-3196', 'Avenida  Nego ', 'Tambaú ', 'Posto Select ', '54fe9eadce169605adf13389ed5a188f', 0, '20-04-2018 10:48:33'),
(100, 'Upa oceania', 'Emerson', 'emersongadelha69@hotmail.com', '(83) 98874-1253', '(83) 98874-1253', 'Av. Gov. Flávio Ribeiro Coutinho, 70 - Oceania, João Pessoa - PB, 58036-800', 'Manaira', 'Proximo ao Habib\'s', '150920ccedc34d24031cdd3711e43310', 0, '23-04-2018 11:02:17'),
(101, 'Poliana da Silva Santos', 'Poliana da Silva Santos', 'firminopoliana@gmail.com', '(83) 3512-1701', '(83) 98136-4410', 'Avenida Guarabira, 1222, 1º andar', 'Manaíra', 'Esquina da Pamesa, por trás do hotel Manaíra', '595fbd582ab552b73445ab57a4e22a09', 0, '24-04-2018 10:10:35'),
(102, 'Pessoa Fisica', 'Greici Genro Ferreira', 'greicigenro@hotmail.com', '(21) 96920-0095', '(21) 96920-0095', 'Av Cabo Branco 3008, apto301 B', 'Cabo Branco', 'Ao lado do Bar do Cuscuz ', '87a8caf9ce2ba5c42d680bbf0e6cb078', 0, '24-04-2018 10:36:16'),
(103, 'Auda', 'AUDA RAQUEL ', 'audaraquel@gmail.com', '(83) 99946-4646', '(83) 99946-4646', 'Rua Miriam Barreto Rabelo, 760', 'Aeroclube ', 'Entregar na WDCOM mídia digital, antes do deposito do japonês', 'd242c13976196184c0e9cf6bb18f7aa3', 0, '25-04-2018 11:28:41'),
(104, 'Fiteiro Criativo', 'Julia', 'juliarmof@gmail.com', '(83) 99680-3641', '(83) 99680-3641', 'Maria Augusta de Araújo Dias', 'Aeroclube', 'Próximo ao Colégio Cidade Viva', '7244ad2d397521131dd8b7d0a2d50317', 0, '25-04-2018 12:21:23'),
(105, 'Vitoria', 'Vitoria', 'vitoriarolimc@hotmail.com', '(83) 99118-7069', '(83) 99118-7069', 'Rua euzely Fabrício de Souza 520 apto 701', 'Manaíra ', 'Em frente à Massai engenharia', 'db09d71141219aa2c54e270298a66b6b', 0, '26-04-2018 12:38:01'),
(106, 'Eliene ', 'Eliene Nascimento ', 'elyene.jp@hotmail.com', '(83) 98902-3521', '(83) 98902-3521', 'Av Ruy Carneiro 192', 'Tambau', 'Drogarias globo', '1f046332f83c2f6b8ef522781a5e67bf', 0, '28-04-2018 10:45:33'),
(107, 'joyce holanda', 'joyce holanda', 'joycehol.brito@gmail.com', '(83) 98884-5506', '(83) 99640-5774', 'avenida princesa isabel, 755', 'centro', 'Na junta comercial do estado (na rua da zeny do centro)', '135b012a86ceee2203823ebf6d93aec0', 0, '30-04-2018 12:24:31'),
(108, 'Ello Administradora de Condominios', 'Ana Luíza', 'atendimento@ellonordeste.com.br', '(83) 99104-5717', '(83) 99104-5717', 'Avenida Maria Rosa, 1458', 'Manaira', 'Em frente a Triunfo Geradores', '36415fc85911466a9ed933a3d52ce688', 0, '02-05-2018 08:28:14'),
(109, 'Neide cabelos', 'Kamila Diniz', 'francineidef83@gmail.com', '(83) 98817-5812', '(83) 98634-0311', 'Av pombal', 'Manaira ', 'Por trás da coespe', 'e10adc3949ba59abbe56e057f20f883e', 0, '04-05-2018 13:50:15'),
(110, 'Larissa', 'Larissa', 'larinhaa.albuquerque@gmail.com', '(83) 98763-3341', '(83) 98711-4366', 'Endereco R. Virgolvino Florentino da Costa, 910 EDF.marinas II apto 102', 'Manaíra', 'Na rua do colégio colibri', '777bbb7869ae8193249f8ff7d3e59afe', 0, '05-05-2018 11:09:35'),
(111, 'Sala exito de estudos', 'Arthur ', 'arthurmaranhaojp@gmail.com', '(83) 99813-6834', '(83) 99813-6834', 'Edson ramalho, 883 , vitrine manaira empresarial', 'Manaira', 'Avisar pelo whats quando chegar que desço, celular no modo aviao so com wi fi ', '136c0dec954c5586eb6b9ef4f61e3e4e', 0, '05-05-2018 11:47:40'),
(112, 'CentralFisio ', 'Thays', 'thaysgoncalves.fisio@gmail.com', '(83) 99977-8758', '(83) 99977-8758', 'Avenida Nego 464', 'Tambaú ', 'Ao lado do fina fatia', 'cdf17cca58899b826c08843baba00d54', 0, '08-05-2018 12:19:00'),
(113, 'Elizangela Carvalho', 'Elizangela Carvalho de Oliveira', 'elizangelaco_2007@hotmail.com', '(83) 99856-8455', '(83) 99856-8455', 'Rua Severino Massa Espinelli, 270 apto 1702', 'Tambaú', 'Edificio D\'Ouro Tambaú próximo ao colégio Motiva Ambiental', '3add42e67c7928a1f8f8a45888becbc6', 0, '11-05-2018 09:00:51'),
(114, 'Agili Software', 'Lidiclere', 'llidiclere@hotmail.com', '(35) 7877-20', '(83) 98815-3984', 'Av Umbizeiro, 737', 'Manaira', 'Em frente a Vertical Engenharia', '85c4ef2f7a943600c97b5903247567b7', 0, '11-05-2018 09:37:55'),
(115, 'KASA DECOR ', 'LEILA', 'leilaayla@outlook.com', '(83) 3214-9210', '(83) 98834-3301', 'AV GOVERNARDOR FLAVIO RIBEIRO COUTINHO , N 1163', 'MANAIRA', 'PROX AO SHOPPING MANAIRA, AO LADO DA FARMACIA PAGUE MENOS DO RETÃO EM FRENTE Á PRACA DO MANAIRA ', 'd37e68353c64650d9512c42604f9d50d', 0, '11-05-2018 11:23:59'),
(116, 'IImagem Construções e Empreendimentos Ltda', 'Cássia Lemos', 'cobranca@imagemconstrucoes.com.br', '(83) 3246-2448', '(83) 98800-6167', 'Rua Sebastião de Azevedo Bastos, 265', 'Manaíra', 'Em frente ao Edifício Caruso', 'b52af38074c41d3d4008e70593d7337e', 0, '14-05-2018 10:14:51'),
(117, 'Vanessa Nunes Accioly ', 'Vanessa Nunes Accioly ', 'vanessanaccioly@gmail.com', '(83) 99631-1903', '(83) 99631-1903', 'Av Rui Carneiro, 300 - edf empresarial trade office center - sala 03', 'Miramar ', 'Ao lado da minds idiomas', 'fc7b22770bd30fb0305cab3aaa119389', 0, '14-05-2018 10:54:06'),
(118, 'Carlos Eduardo', 'Carlos Eduardo', 'edu08@uol.com.br', '(83) 99698-8080', '(83) 99698-8080', 'Rua Severino Massa Spinelli 167', 'Tambaú', 'Em frente ao ed. Maison François', 'a60f2745e0a44ddabc120a401a558afd', 0, '15-05-2018 12:14:39'),
(119, 'IFACULDADE IESP', 'FLÁVIA', 'medeiiiros@gmail.com', '(83) 2106-3801', '(83) 99847-5835', ' BR-230, s/n ', 'Recanto do Poço', 'CENTRAL DE ATENDIMENTO, BLOCO B', 'd9ebe960d3db5d8662d9abdb0a81020b', 0, '16-05-2018 12:13:03'),
(120, 'Jose Gomes de Souza', 'José Gomes de Souza', 'josegomessouza1904@gmail.com', '(83) 3246-6147', '(83) 98808-4667', 'Rua da Candelária, 155, Edf Gaudi', 'Manaíra', 'Ao lado da farmácia Independente (no retão de Manaíra', 'cdc99a74aa09f14f7e94cca859fae374', 0, '19-05-2018 10:49:25'),
(121, 'Jeasiel', 'Jeasiel', 'jeasiel@gmail.com', '(83) 98660-6902', '(83) 98888-8870', 'Avenida Sapé, 175, apt. 702', 'Manaíra', 'Residencial Practice Home (Próximo a Capital Fiat)', 'd81b0c879cc8f7819f702489846c0299', 0, '19-05-2018 11:27:11'),
(122, 'WIzard escola de idiomas ', 'Thalya Cecilia de Sousa Morais', 'thalyacecilia@gmail.com', '(83) 99932-5116', '(83) 99932-5116', 'Av. Pres. Epitácio Pessoa, 3440', 'Miramar', 'Em frente a Jeep Newsedan ', 'ea35c8a19cb442d0c39f295cf165a922', 0, '21-05-2018 11:07:57'),
(123, 'Flat asriel', 'Maria Clara Sousa Peixoto', 'claraapeixoto@hotmail.com', '(83) 98637-6644', '(83) 98637-6644', 'Rua Deputado Geraldo Mariz, 880', 'Tambauzinho ', 'Em frente ao sansun. Flat asriel apto 407', 'd7aa37d372ffab6da93a8d28fe7a2220', 0, '23-05-2018 10:25:05');

--
-- Índices de tabelas apagadas
--

--
-- Índices de tabela `carrinho`
--
ALTER TABLE `carrinho`
  ADD PRIMARY KEY (`id`);

--
-- Índices de tabela `categoria`
--
ALTER TABLE `categoria`
  ADD PRIMARY KEY (`id`);

--
-- Índices de tabela `configuracao`
--
ALTER TABLE `configuracao`
  ADD PRIMARY KEY (`id`);

--
-- Índices de tabela `marmita`
--
ALTER TABLE `marmita`
  ADD PRIMARY KEY (`id`);

--
-- Índices de tabela `prato`
--
ALTER TABLE `prato`
  ADD PRIMARY KEY (`id`);

--
-- Índices de tabela `refeicao`
--
ALTER TABLE `refeicao`
  ADD PRIMARY KEY (`id`);

--
-- Índices de tabela `session`
--
ALTER TABLE `session`
  ADD PRIMARY KEY (`id`);

--
-- Índices de tabela `usuarios`
--
ALTER TABLE `usuarios`
  ADD PRIMARY KEY (`id`);

--
-- AUTO_INCREMENT de tabelas apagadas
--

--
-- AUTO_INCREMENT de tabela `carrinho`
--
ALTER TABLE `carrinho`
  MODIFY `id` int(11) NOT NULL AUTO_INCREMENT, AUTO_INCREMENT=408;

--
-- AUTO_INCREMENT de tabela `categoria`
--
ALTER TABLE `categoria`
  MODIFY `id` int(11) NOT NULL AUTO_INCREMENT, AUTO_INCREMENT=10;

--
-- AUTO_INCREMENT de tabela `configuracao`
--
ALTER TABLE `configuracao`
  MODIFY `id` int(11) NOT NULL AUTO_INCREMENT, AUTO_INCREMENT=2;

--
-- AUTO_INCREMENT de tabela `marmita`
--
ALTER TABLE `marmita`
  MODIFY `id` int(11) NOT NULL AUTO_INCREMENT, AUTO_INCREMENT=164;

--
-- AUTO_INCREMENT de tabela `prato`
--
ALTER TABLE `prato`
  MODIFY `id` int(11) NOT NULL AUTO_INCREMENT, AUTO_INCREMENT=82;

--
-- AUTO_INCREMENT de tabela `refeicao`
--
ALTER TABLE `refeicao`
  MODIFY `id` int(11) NOT NULL AUTO_INCREMENT, AUTO_INCREMENT=1245;

--
-- AUTO_INCREMENT de tabela `session`
--
ALTER TABLE `session`
  MODIFY `id` int(11) NOT NULL AUTO_INCREMENT, AUTO_INCREMENT=823;

--
-- AUTO_INCREMENT de tabela `usuarios`
--
ALTER TABLE `usuarios`
  MODIFY `id` int(11) NOT NULL AUTO_INCREMENT, AUTO_INCREMENT=124;
COMMIT;

/*!40101 SET CHARACTER_SET_CLIENT=@OLD_CHARACTER_SET_CLIENT */;
/*!40101 SET CHARACTER_SET_RESULTS=@OLD_CHARACTER_SET_RESULTS */;
/*!40101 SET COLLATION_CONNECTION=@OLD_COLLATION_CONNECTION */;
